movie_id;language_iso;language_name
100;3241;English
100010;3241;English
100017;3201;Deutsch
100032;3241;English
100042;3241;English
100046;3241;English
100089;3241;English
100167;3241;English
100183;3241;English
100196;3241;English
100205;3241;English
100246;3241;English
100257;3241;English
100270;3246;Español
100272;3241;English
100275;3241;English
100287;3197;Dansk
100450;3241;English
100490;3241;English
100529;3241;English
100540;3241;English
100830;3276;Français
101;3241;English
101006;3246;Español
101176;3241;English
101226;3241;English
101281;3241;English
101289;3241;English
101299;3241;English
101307;3241;English
101352;3276;Français
101362;3580;Polski
101444;3241;English
101444;3371;Italiano
101514;3241;English
101538;3241;English
101653;3241;English
101715;3241;English
1018;3246;Español
1018;3241;English
101801;3184;Český
101887;3241;English
101887;3651;Pусский
101904;3276;Français
101908;3886;普通话
101916;3241;English
102;3197;Dansk
102051;3241;English
102051;3241;English
102078;3241;English
102165;3241;English
102197;3651;Pусский
102242;3241;English
102286;3241;English
102292;3325;עִבְרִית
102292;3276;Français
102292;3121;العربية
1023;3197;Dansk
102305;3246;Español
1024;3241;English
102419;3241;English
102461;3276;Français
102517;3241;English
102526;3241;English
102533;3276;Français
102533;3241;English
102841;3241;English
102858;3241;English
102858;3580;Polski
102858;3651;Pусский
102870;3239;ελληνικά
102899;3241;English
102901;3246;Español
102949;3371;Italiano
102961;3241;English
103;3241;English
103;3246;Español
103048;3329;हिन्दी
103066;3383;日本語
103081;3241;English
103162;3241;English
103203;3276;Français
103203;3800;Wolof
103210;3241;English
103243;3329;हिन्दी
103269;3241;English
103299;3241;English
103301;3651;Pусский
103328;3276;Français
103370;3241;English
103413;3241;English
103433;3241;English
103502;3276;Français
103528;3241;English
103539;3424;қазақ
103590;3414;ქართული
103635;3241;English
103663;3197;Dansk
103663;3580;Polski
103663;3241;English
103667;3241;English
103688;3241;English
103731;3241;English
103745;3267;suomi
103747;3241;English
103753;3241;English
103753;3276;Français
103753;3428;한국어/조선말
103875;3886;普通话
1039;3201;Deutsch
103972;3197;Dansk
104;3201;Deutsch
104;3241;English
104;3383;日本語
1040;3371;Italiano
1040;3445;Latin
1040;3276;Français
104041;3241;English
104041;3241;English
104043;3241;English
104103;3276;Français
104155;3241;English
104211;3241;English
104239;3276;Français
104274;3241;English
104274;3276;Français
104274;3371;Italiano
104285;3246;Español
104301;3241;English
104343;3383;日本語
104354;3276;Français
104374;3383;日本語
104376;3651;Pусский
104431;3246;Español
104462;3840;No Language
104480;3840;No Language
104524;3383;日本語
104606;3179;广州话 / 廣州話
104606;3886;普通话
104638;3246;Español
104644;3241;English
104776;3241;English
104776;3383;日本語
1049;3241;English
104954;3371;Italiano
104973;3241;English
104973;3371;Italiano
105;3241;English
1050;3241;English
1050;3886;普通话
1050;3246;Español
105073;3241;English
105077;3241;English
105079;3371;Italiano
105098;3241;English
1051;3241;English
1051;3276;Français
105121;3241;English
105130;3383;日本語
105133;3383;日本語
105157;3840;No Language
105184;3201;Deutsch
1052;3241;English
105246;3241;English
105254;3241;English
105254;3683;svenska
105299;3241;English
105304;3276;Français
105325;3241;English
105347;3276;Français
105347;3588;Português
105404;3241;English
105406;3241;English
105406;3246;Español
105465;3241;English
105470;3383;日本語
105506;3487;
105509;3371;Italiano
105526;3241;English
105529;3371;Italiano
105531;3241;English
105538;3241;English
105583;3241;English
105703;3886;普通话
105759;3241;English
105763;3651;Pусский
105763;3276;Français
105763;3414;ქართული
105778;3241;English
1058;3241;English
105829;3651;Pусский
105869;3241;English
105884;3371;Italiano
1059;3383;日本語
105945;3241;English
105972;3241;English
105978;3241;English
105980;3241;English
106;3241;English
106;3246;Español
106006;3241;English
106017;3241;English
106113;3241;English
106134;3241;English
106136;3241;English
106222;3241;English
106222;3241;English
106224;3184;Český
106224;3371;Italiano
106230;3241;English
106230;3700;ภาษาไทย
106254;3840;No Language
106326;3241;English
106344;3241;English
106355;3241;English
106417;3383;日本語
106495;3241;English
106495;3241;English
106515;3241;English
106538;3276;Français
106599;3241;English
106646;3276;Français
106646;3241;English
106682;3241;English
106729;3241;English
106747;3241;English
106747;3246;Español
106824;3241;English
106887;3246;Español
106922;3276;Français
106922;3371;Italiano
106970;3371;Italiano
107;3241;English
107;3651;Pусский
107028;3246;Español
107028;3241;English
107039;3121;العربية
107039;3276;Français
107052;3371;Italiano
107081;3371;Italiano
107096;3241;English
107096;3201;Deutsch
107100;3241;English
107246;3241;English
107246;3276;Français
107248;3886;普通话
1073;3241;English
107352;3241;English
107357;3241;English
107406;3371;Italiano
107412;3241;English
107426;3246;Español
107430;3241;English
107445;3201;Deutsch
107445;3241;English
107445;3651;Pусский
1075;3679;Srpski
107548;3201;Deutsch
107548;3329;हिन्दी
107569;3241;English
107612;3371;Italiano
107612;3246;Español
107625;3246;Español
107625;3241;English
107643;3383;日本語
107667;3246;Español
107682;3179;广州话 / 廣州話
107743;3241;English
107745;3329;हिन्दी
107767;3276;Français
107846;3241;English
107846;3201;Deutsch
107846;3121;العربية
107846;3741;اردو
107916;3246;Español
107928;3371;Italiano
107966;3241;English
107976;3428;한국어/조선말
107978;3683;svenska
107999;3241;English
108;3276;Français
108;3580;Polski
108003;3241;English
108010;3241;English
108048;3276;Français
108063;3338;Hrvatski
108200;3241;English
108209;3241;English
108220;3241;English
108241;3241;English
108267;3241;English
108282;3241;English
108316;3241;English
108401;3241;English
108401;3246;Español
108476;3241;English
108476;3241;English
108512;3383;日本語
108564;3241;English
108639;3241;English
108639;3276;Français
108639;3651;Pусский
108639;3246;Español
108789;3371;Italiano
1088;3241;English
1088;3484;
108852;3241;English
108879;3241;English
1089;3241;English
108901;3241;English
108930;3241;English
108949;3704;
109;3276;Français
109;3341;Magyar
109;3580;Polski
1090;3241;English
109008;3241;English
109074;3241;English
1091;3241;English
1091;3521;Norsk
109102;3241;English
109161;3241;English
1092;3241;English
1092;3651;Pусский
1092;3201;Deutsch
109235;3241;English
109251;3241;English
1093;3201;Deutsch
1093;3276;Français
109323;3241;English
109379;3276;Français
109379;3141;български език
109416;3241;English
109418;3241;English
109425;3241;English
109441;3246;Español
109455;3371;Italiano
109459;3241;English
109463;3241;English
109463;3201;Deutsch
109479;3241;English
109481;3241;English
109520;3241;English
109565;3241;English
109600;3329;हिन्दी
109600;3241;English
109667;3241;English
109669;3241;English
109669;3201;Deutsch
109671;3710;Türkçe
109835;3693;தமிழ்
109835;3697;తెలుగు
109841;3241;English
109843;3241;English
109881;3241;English
109912;3241;English
109991;3651;Pусский
11;3241;English
110;3276;Français
110001;3248;euskera
110001;3246;Español
110130;3241;English
110227;3241;English
1103;3241;English
110372;3241;English
110372;3241;English
110390;3241;English
110390;3683;svenska
110412;3241;English
110415;3241;English
110415;3276;Français
110415;3383;日本語
110415;3428;한국어/조선말
110419;3241;English
110447;3276;Français
110447;3371;Italiano
110457;3241;English
110457;3241;English
110491;3241;English
110501;3679;Srpski
110548;3241;English
110553;3241;English
110568;3241;English
110588;3241;English
110603;3241;English
110643;3241;English
110669;3241;English
110748;3383;日本語
110779;3241;English
110790;3241;English
110899;3383;日本語
111;3241;English
111;3246;Español
111031;3241;English
111042;3241;English
111100;3241;English
111109;3704;
111170;3241;English
111237;3651;Pусский
111310;3241;English
111312;3241;English
111332;3241;English
1114;3489;
111443;3246;Español
111460;3241;English
1115;3276;Français
1115;3201;Deutsch
111570;3241;English
1116;3241;English
1116;3290;Gaeilge
1116;3445;Latin
111642;3241;English
111718;3383;日本語
111732;3241;English
111752;3241;English
111815;3241;English
111854;3241;English
111913;3383;日本語
112;3197;Dansk
112072;3267;suomi
112083;3241;English
112087;3241;English
112283;3428;한국어/조선말
112293;3197;Dansk
1123;3109;Afrikaans
1123;3241;English
1123;3899;isiZulu
1124;3241;English
112454;3241;English
112460;3241;English
112460;3246;Español
112481;3241;English
1125;3241;English
112582;3241;English
1126;3241;English
112601;3371;Italiano
112655;3241;English
112672;3241;English
112674;3241;English
1127;3246;Español
112705;3241;English
112731;3241;English
112767;3241;English
112931;3276;Français
112961;3241;English
112999;3148;বাংলা
113;3428;한국어/조선말
113105;3371;Italiano
113190;3241;English
113209;3241;English
113214;3241;English
113300;3241;English
113432;3370;Íslenska
113638;3241;English
113739;3241;English
113743;3241;English
113757;3241;English
113947;3241;English
114;3241;English
114;3371;Italiano
114;3383;日本語
114003;3241;English
114033;3241;English
114046;3241;English
114060;3201;Deutsch
114060;3241;English
114146;3840;No Language
114172;3267;suomi
114184;3276;Français
114242;3201;Deutsch
114246;3246;Español
114333;3246;Español
114371;3383;日本語
114394;3241;English
114464;3886;普通话
114503;3241;English
114514;3241;English
114577;3241;English
114638;3241;English
114838;3241;English
114888;3241;English
114922;3246;Español
114931;3201;Deutsch
114958;3241;English
115;3241;English
115;3325;עִבְרִית
115;3246;Español
115;3201;Deutsch
115023;3201;Deutsch
115042;3246;Español
115109;3241;English
115111;3241;English
115162;3276;Français
115162;3276;Français
115210;3241;English
115283;3241;English
115348;3241;English
115353;3371;Italiano
115373;3201;Deutsch
115531;3241;English
115565;3241;English
115711;3246;Español
115821;3276;Français
115834;3241;English
115871;3651;Pусский
115873;3741;اردو
115873;3329;हिन्दी
115877;3246;Español
115893;3840;No Language
115903;3246;Español
115909;3246;Español
115929;3518;Nederlands
115929;3201;Deutsch
116;3241;English
116008;3241;English
116014;3241;English
116155;3241;English
116167;3241;English
116185;3693;தமிழ்
116185;3697;తెలుగు
1162;3241;English
116227;3428;한국어/조선말
116231;3276;Français
1163;3241;English
116323;3428;한국어/조선말
116345;3241;English
116463;3241;English
116495;3241;English
116495;3276;Français
116495;3383;日本語
1165;3201;Deutsch
1165;3241;English
1165;3276;Français
116746;3241;English
116760;3241;English
116811;3241;English
116811;3371;Italiano
116853;3276;Français
116973;3241;English
116977;3241;English
116979;3241;English
117;3241;English
117340;3241;English
117428;3241;English
117452;3518;Nederlands
117464;3201;Deutsch
117464;3371;Italiano
117472;3383;日本語
117478;3371;Italiano
117506;3179;广州话 / 廣州話
117531;3241;English
117553;3241;English
117565;3241;English
117592;3276;Français
117618;3241;English
117678;3276;Français
117869;3246;Español
117913;3371;Italiano
117924;3241;English
118;3241;English
118013;3241;English
118195;3246;Español
118204;3246;Español
118236;3241;English
118236;3246;Español
118236;3241;English
118236;3246;Español
118340;3241;English
118390;3201;Deutsch
118390;3371;Italiano
118446;3241;English
118536;3241;English
118690;3241;English
118758;3246;Español
118762;3383;日本語
118778;3276;Français
118792;3651;Pусский
118872;3241;English
118876;3371;Italiano
118900;3241;English
118910;3241;English
118936;3241;English
118946;3197;Dansk
118946;3276;Français
118948;3241;English
119450;3241;English
119569;3241;English
119593;3241;English
119637;3276;Français
119675;3241;English
119685;3241;English
119685;3383;日本語
119687;3241;English
119820;3201;Deutsch
119907;3241;English
12;3241;English
120;3241;English
120122;3371;Italiano
120268;3276;Français
120268;3201;Deutsch
120268;3651;Pусский
120280;3267;suomi
120292;3241;English
120478;3241;English
120588;3241;English
120771;3241;English
120835;3241;English
120837;3241;English
120843;3241;English
120885;3241;English
120932;3241;English
120942;3329;हिन्दी
121;3241;English
121003;3241;English
121015;3241;English
121111;3241;English
121113;3241;English
121173;3704;
121245;3241;English
1213;3241;English
1213;3371;Italiano
121342;3371;Italiano
121354;3241;English
121455;3580;Polski
121491;3428;한국어/조선말
121598;3241;English
121598;3329;हिन्दी
121598;3741;اردو
121707;3241;English
121727;3241;English
121831;3241;English
121835;3241;English
121835;3201;Deutsch
121879;3241;English
121959;3241;English
122;3241;English
122019;3246;Español
122088;3325;עִבְרִית
122268;3241;English
122270;3201;Deutsch
122325;3241;English
122325;3276;Français
122435;3201;Deutsch
122466;3241;English
122515;3241;English
122525;3246;Español
122671;3683;svenska
122677;3241;English
122709;3241;English
122787;3371;Italiano
122857;3241;English
122884;3241;English
122924;3241;English
122928;3241;English
122930;3241;English
122982;3241;English
123;3241;English
123103;3241;English
123103;3246;Español
123105;3241;English
123107;3241;English
123109;3241;English
123229;3276;Français
123235;3241;English
123235;3276;Français
123235;3371;Italiano
123320;3267;suomi
123337;3241;English
123359;3246;Español
123431;3241;English
123553;3241;English
123723;3276;Français
123757;3241;English
123949;3651;Pусский
123961;3241;English
124;3241;English
124;3580;Polski
124013;3276;Français
124029;3241;English
124071;3241;English
124085;3276;Français
124085;3383;日本語
124085;3800;Wolof
124091;3241;English
124091;3371;Italiano
124091;3276;Français
124111;3241;English
124277;3241;English
124294;3428;한국어/조선말
1244;3201;Deutsch
124414;3672;Slovenčina
124470;3241;English
1245;3241;English
124517;3241;English
124517;3276;Français
124517;3383;日本語
124521;3241;English
124527;3241;English
124527;3241;English
124581;3241;English
1246;3241;English
1246;3246;Español
124623;3241;English
124625;3241;English
124625;3201;Deutsch
124633;3241;English
124633;3679;Srpski
124645;3241;English
1248;3241;English
1248;3201;Deutsch
1248;3651;Pусский
124839;3672;Slovenčina
124839;3241;English
124843;3241;English
1249;3241;English
124905;3404;
124905;3241;English
124963;3241;English
1250;3241;English
125039;3276;Français
125077;3241;English
1251;3241;English
1251;3383;日本語
125141;3371;Italiano
125229;3383;日本語
125233;3241;English
125249;3241;English
125257;3383;日本語
125271;3383;日本語
1253;3241;English
1253;3201;Deutsch
125305;3241;English
125313;3651;Pусский
1254;3276;Français
125409;3241;English
125413;3241;English
125495;3276;Français
1255;3428;한국어/조선말
125509;3241;English
125513;3383;日本語
125521;3383;日本語
125531;3651;Pусский
125537;3241;English
125541;3424;қазақ
125619;3246;Español
125623;3276;Français
1257;3241;English
125700;3800;Wolof
125700;3276;Français
125795;3673;Slovenščina
125874;3241;English
125882;3683;svenska
1259;3241;English
1259;3276;Français
125926;3683;svenska
125946;3276;Français
125948;3246;Español
125958;3241;English
125990;3241;English
1260;3247;Eesti
1260;3518;Nederlands
126016;3241;English
126104;3246;Español
126108;3276;Français
126122;3241;English
126132;3840;No Language
126136;3241;English
126172;3241;English
126186;3241;English
1262;3241;English
126219;3383;日本語
126227;3241;English
126300;3434;
126300;3121;العربية
126300;3276;Français
126331;3276;Français
126418;3241;English
126432;3383;日本語
1265;3241;English
126550;3241;English
126560;3710;Türkçe
126597;3184;Český
1266;3241;English
1266;3710;Türkçe
1267;3241;English
126749;3241;English
126777;3241;English
126781;3241;English
126783;3241;English
126797;3241;English
1268;3241;English
1268;3276;Français
1268;3651;Pусский
1269;3201;Deutsch
126919;3241;English
126927;3241;English
126929;3241;English
126947;3241;English
126963;3241;English
126963;3383;日本語
126969;3487;
127;3580;Polski
127021;3246;Español
127040;3241;English
127092;3371;Italiano
127142;3201;Deutsch
127144;3241;English
127186;3241;English
1272;3241;English
127224;3840;No Language
127236;3651;Pусский
1273;3241;English
127323;3840;No Language
127445;3246;Español
127451;3886;普通话
127585;3241;English
127608;3651;Pусский
127642;3704;
127642;3241;English
127642;3704;
127642;3241;English
1277;3241;English
1277;3201;Deutsch
1277;3341;Magyar
127728;3241;English
1278;3241;English
1278;3276;Français
127867;3241;English
1279;3428;한국어/조선말
127987;3201;Deutsch
127987;3886;普通话
128;3383;日本語
1280;3428;한국어/조선말
128081;3241;English
1281;3241;English
128113;3383;日本語
128129;3241;English
128149;3588;Português
128151;3201;Deutsch
128169;3241;English
128169;3383;日本語
128177;3246;Español
1282;3241;English
128201;3241;English
128203;3267;suomi
128209;3246;Español
128215;3241;English
128237;3246;Español
128241;3241;English
1283;3246;Español
128395;3276;Français
128395;3800;Wolof
1284;3246;Español
128437;3241;English
128437;3276;Français
1285;3246;Español
128508;3371;Italiano
128564;3241;English
128588;3241;English
128588;3371;Italiano
128598;3241;English
128606;3241;English
128612;3241;English
128614;3241;English
128634;3241;English
128669;3241;English
128679;3241;English
128766;3241;English
128766;3371;Italiano
128766;3246;Español
128842;3886;普通话
128848;3241;English
128854;3241;English
128856;3201;Deutsch
128862;3184;Český
128876;3241;English
128900;3683;svenska
128900;3197;Dansk
128946;3683;svenska
128960;3840;No Language
129;3383;日本語
129009;3241;English
129009;3276;Français
129009;3371;Italiano
129062;3371;Italiano
129229;3651;Pусский
129237;3383;日本語
129311;3241;English
129405;3241;English
129417;3651;Pусский
129432;3276;Français
129432;3241;English
129432;3370;Íslenska
129518;3518;Nederlands
129530;3241;English
129689;3383;日本語
129820;3341;Magyar
129830;3651;Pусский
129847;3371;Italiano
129851;3371;Italiano
129933;3303;
129943;3259;فارسی
13;3241;English
130062;3840;No Language
130150;3241;English
130233;3201;Deutsch
130267;3241;English
130296;3241;English
130374;3241;English
130398;3241;English
130402;3241;English
130424;3241;English
130452;3241;English
130452;3276;Français
130458;3246;Español
130474;3241;English
130544;3201;Deutsch
130544;3371;Italiano
130612;3241;English
130624;3201;Deutsch
130694;3201;Deutsch
130804;3141;български език
130882;3241;English
130900;3241;English
131027;3341;Magyar
131074;3241;English
131098;3241;English
131116;3580;Polski
131172;3241;English
131433;3383;日本語
131457;3241;English
131476;3239;ελληνικά
131478;3588;Português
131504;3241;English
131634;3241;English
131739;3201;Deutsch
131739;3383;日本語
131792;3840;No Language
131822;3267;suomi
131822;3241;English
131836;3276;Français
131914;3241;English
131932;3246;Español
131940;3201;Deutsch
131940;3329;हिन्दी
131944;3241;English
131966;3241;English
131966;3371;Italiano
132;3241;English
132030;3651;Pусский
132064;3241;English
132122;3371;Italiano
132128;3246;Español
132144;3246;Español
132148;3246;Español
132232;3241;English
132236;3241;English
132298;3246;Español
132342;3241;English
132342;3276;Français
132342;3246;Español
132344;3241;English
132344;3239;ελληνικά
132344;3276;Français
132379;3840;No Language
132551;3338;Hrvatski
132561;3518;Nederlands
132561;3710;Türkçe
132561;3518;Nederlands
132561;3710;Türkçe
132608;3588;Português
132883;3241;English
132894;3241;English
132912;3241;English
132912;3710;Türkçe
132912;3645;Română
132936;3241;English
133;3241;English
133115;3241;English
133119;3241;English
133121;3383;日本語
133121;3241;English
133183;3241;English
133241;3241;English
133241;3246;Español
133255;3241;English
133255;3241;English
133365;3241;English
133369;3241;English
133373;3580;Polski
133441;3248;euskera
133441;3241;English
133441;3371;Italiano
133441;3511;
133469;3276;Français
133557;3241;English
133569;3588;Português
133575;3241;English
133643;3683;svenska
133701;3241;English
133716;3241;English
133792;3241;English
133879;3683;svenska
133941;3201;Deutsch
133941;3371;Italiano
133964;3428;한국어/조선말
134;3241;English
134126;3428;한국어/조선말
134158;3241;English
134168;3241;English
134238;3241;English
134350;3383;日本語
134360;3241;English
134362;3246;Español
134366;3241;English
134368;3241;English
134374;3241;English
134409;3241;English
134409;3241;English
134411;3241;English
134411;3246;Español
134415;3241;English
134427;3241;English
134569;3428;한국어/조선말
134597;3241;English
134680;3241;English
134777;3241;English
134806;3241;English
134812;3683;svenska
134908;3121;العربية
134908;3276;Français
135;3241;English
135097;3241;English
135097;3241;English
135161;3580;Polski
135200;3241;English
135204;3247;Eesti
135210;3651;Pусский
135214;3683;svenska
135260;3371;Italiano
135286;3276;Français
135312;3241;English
135362;3518;Nederlands
135362;3241;English
135510;3371;Italiano
135536;3371;Italiano
135545;3241;English
135579;3341;Magyar
135647;3241;English
135659;3201;Deutsch
135659;3683;svenska
135679;3241;English
135695;3371;Italiano
135697;3246;Español
135713;3241;English
135713;3241;English
135787;3241;English
135799;3383;日本語
1358;3241;English
1359;3241;English
1359;3246;Español
1359;3179;广州话 / 廣州話
135921;3241;English
136;3241;English
136;3276;Français
136;3201;Deutsch
1360;3241;English
1360;3276;Français
1360;3651;Pусский
136058;3241;English
136070;3383;日本語
136080;3371;Italiano
136080;3521;Norsk
136080;3580;Polski
1361;3241;English
136190;3184;Český
136190;3201;Deutsch
136190;3580;Polski
1363;3241;English
136311;3241;English
1364;3241;English
1364;3276;Français
1364;3201;Deutsch
1364;3246;Español
136437;3276;Français
136459;3201;Deutsch
1365;3241;English
136572;3371;Italiano
136576;3371;Italiano
136582;3276;Français
1366;3241;English
136616;3241;English
136616;3201;Deutsch
136698;3184;Český
136698;3241;English
136698;3341;Magyar
136698;3580;Polski
1367;3241;English
136742;3651;Pусский
136752;3246;Español
136762;3840;No Language
136786;3241;English
1368;3241;English
136850;3241;English
136884;3241;English
1369;3241;English
1369;3763;Tiếng Việt
136902;3679;Srpski
136928;3241;English
136966;3241;English
137;3241;English
137;3276;Français
137;3371;Italiano
1370;3241;English
1370;3651;Pусский
137008;3840;No Language
137014;3840;No Language
137072;3241;English
1371;3241;English
137144;3241;English
137174;3241;English
137182;3518;Nederlands
137182;3241;English
1372;3109;Afrikaans
1372;3241;English
137236;3241;English
1373;3241;English
137315;3276;Français
137315;3371;Italiano
137347;3241;English
137347;3645;Română
137381;3241;English
1374;3241;English
137409;3179;广州话 / 廣州話
137409;3241;English
137475;3241;English
137484;3241;English
1375;3241;English
137563;3241;English
1376;3241;English
137614;3166;Català
137614;3241;English
137614;3246;Español
137646;3241;English
1377;3241;English
1377;3371;Italiano
137757;3840;No Language
1378;3241;English
137853;3241;English
137859;3276;Français
1379;3267;suomi
1379;3651;Pусский
137968;3241;English
138;3241;English
138;3201;Deutsch
138;3341;Magyar
1380;3241;English
138030;3148;বাংলা
1381;3241;English
138118;3683;svenska
138122;3329;हिन्दी
1382;3241;English
138202;3241;English
138222;3241;English
138372;3241;English
138376;3241;English
138394;3241;English
138486;3241;English
138496;3241;English
138502;3518;Nederlands
138502;3276;Français
138544;3241;English
1387;3241;English
138752;3840;No Language
138754;3683;svenska
1389;3241;English
139058;3241;English
1391;3246;Español
139159;3276;Français
139195;3683;svenska
1392;3148;বাংলা
1392;3241;English
139215;3241;English
139251;3241;English
1393;3489;
139325;3246;Español
139329;3241;English
139329;3383;日本語
139329;3886;普通话
139349;3241;English
1394;3371;Italiano
1394;3651;Pусский
139405;3651;Pусский
139405;3241;English
139433;3241;English
139455;3241;English
139463;3241;English
139467;3371;Italiano
139467;3580;Polski
139467;3241;English
139467;3201;Deutsch
139521;3329;हिन्दी
139559;3651;Pусский
139567;3241;English
139575;3683;svenska
1396;3651;Pусский
139651;3276;Français
139651;3371;Italiano
139715;3241;English
139777;3276;Français
139777;3276;Français
139799;3241;English
1398;3651;Pусский
139851;3276;Français
139863;3248;euskera
14;3241;English
140;3246;Español
140174;3241;English
140208;3276;Français
140208;3241;English
140212;3428;한국어/조선말
140222;3241;English
140231;3329;हिन्दी
140281;3241;English
140383;3276;Français
1404;3246;Español
1404;3241;English
1404;3569;ਪੰਜਾਬੀ
140413;3241;English
140423;3325;עִבְרִית
140441;3383;日本語
140443;3241;English
140443;3246;Español
140447;3246;Español
140465;3241;English
140485;3710;Türkçe
140491;3241;English
1405;3241;English
140509;3383;日本語
140513;3383;日本語
140519;3241;English
140527;3241;English
1406;3241;English
1406;3201;Deutsch
1407;3276;Français
1408;3241;English
1408;3445;Latin
140818;3521;Norsk
140846;3241;English
140870;3840;No Language
140934;3241;English
141;3241;English
1410;3241;English
141010;3371;Italiano
141052;3241;English
141058;3241;English
1411;3241;English
141102;3241;English
141131;3179;广州话 / 廣州話
1412;3241;English
141262;3371;Italiano
1413;3241;English
141319;3241;English
1414;3341;Magyar
1414;3246;Español
1415;3241;English
141520;3651;Pусский
1416;3428;한국어/조선말
1416;3246;Español
1417;3246;Español
141714;3241;English
141733;3241;English
141757;3580;Polski
141810;3371;Italiano
1419;3201;Deutsch
141950;3276;Français
141950;3201;Deutsch
141976;3241;English
141976;3241;English
142;3241;English
1420;3241;English
142012;3241;English
142052;3241;English
142064;3241;English
1421;3276;Français
142106;3241;English
142115;3241;English
142119;3241;English
142150;3241;English
1422;3241;English
1422;3179;广州话 / 廣州話
142216;3241;English
142308;3241;English
142308;3276;Français
142308;3683;svenska
142374;3276;Français
142408;3276;Français
142478;3241;English
142507;3241;English
142656;3383;日本語
1427;3241;English
142746;3651;Pусский
142758;3241;English
142770;3651;Pусский
142797;3651;Pусский
1428;3241;English
1428;3246;Español
1429;3241;English
142971;3241;English
142979;3371;Italiano
142989;3241;English
143;3241;English
143;3276;Français
143;3201;Deutsch
143;3445;Latin
1430;3241;English
143005;3651;Pусский
143049;3241;English
143098;3267;suomi
143247;3241;English
143299;3241;English
1433;3246;Español
143355;3153;Bosanski
143355;3338;Hrvatski
143355;3153;Bosanski
143355;3338;Hrvatski
143525;3267;suomi
143547;3241;English
143747;3371;Italiano
143747;3201;Deutsch
143876;3651;Pусский
1439;3241;English
1439;3700;ภาษาไทย
143946;3383;日本語
143959;3267;suomi
143980;3329;हिन्दी
144;3241;English
144;3276;Français
144;3201;Deutsch
1440;3241;English
144092;3241;English
1441;3241;English
144204;3241;English
144206;3241;English
144288;3383;日本語
1443;3241;English
144326;3179;广州话 / 廣州話
144326;3241;English
144336;3241;English
144340;3241;English
144344;3371;Italiano
1444;3241;English
144444;3840;No Language
144498;3241;English
144560;3267;suomi
144580;3241;English
144610;3179;广州话 / 廣州話
144610;3241;English
144676;3241;English
144680;3241;English
144686;3840;No Language
144712;3241;English
144724;3267;suomi
144728;3267;suomi
144784;3241;English
1448;3241;English
144852;3241;English
144910;3241;English
144942;3241;English
144942;3341;Magyar
144942;3241;English
144942;3341;Magyar
144982;3241;English
145;3241;English
1450;3241;English
1450;3383;日本語
145066;3241;English
145132;3241;English
145162;3241;English
145186;3276;Français
145194;3683;svenska
145220;3201;Deutsch
145220;3241;English
145312;3241;English
145504;3246;Español
145504;3128;
145668;3241;English
145925;3371;Italiano
146;3886;普通话
146030;3247;Eesti
146184;3197;Dansk
146184;3273;
146198;3241;English
146198;3241;English
146216;3241;English
146216;3276;Français
146216;3651;Pусский
146238;3241;English
146270;3329;हिन्दी
146301;3241;English
146364;3371;Italiano
146380;3241;English
146404;3241;English
146414;3651;Pусский
146449;3241;English
146712;3241;English
146724;3428;한국어/조선말
146730;3840;No Language
146904;3588;Português
146916;3241;English
146926;3241;English
146946;3241;English
146970;3371;Italiano
147;3241;English
147;3276;Français
147106;3241;English
147132;3241;English
147276;3241;English
147360;3276;Français
147360;3201;Deutsch
147360;3276;Français
147360;3201;Deutsch
147441;3241;English
147621;3840;No Language
147692;3645;Română
147698;3645;Română
147746;3840;No Language
147829;3241;English
147841;3246;Español
147843;3241;English
1479;3241;English
147903;3241;English
148;3241;English
148;3276;Français
148;3246;Español
1480;3241;English
1480;3246;Español
148034;3679;Srpski
148044;3201;Deutsch
148284;3241;English
148284;3693;தமிழ்
148284;3329;हिन्दी
1483;3241;English
148380;3179;广州话 / 廣州話
1484;3201;Deutsch
148408;3371;Italiano
148410;3241;English
148430;3651;Pусский
148478;3267;suomi
148482;3267;suomi
1485;3241;English
148622;3651;Pусский
148636;3241;English
148652;3241;English
148675;3241;English
148675;3246;Español
1487;3651;Pусский
1487;3241;English
148753;3179;广州话 / 廣州話
148757;3371;Italiano
148777;3241;English
1488;3489;
148811;3241;English
148820;3276;Français
148853;3276;Français
148853;3414;ქართული
148857;3201;Deutsch
149;3383;日本語
149026;3241;English
149043;3371;Italiano
149094;3201;Deutsch
149114;3241;English
149150;3651;Pусский
149150;3734;Український
149154;3651;Pусский
149170;3651;Pусский
149180;3371;Italiano
149218;3241;English
1493;3241;English
1493;3246;Español
1493;3276;Français
1493;3651;Pусский
149320;3241;English
149326;3518;Nederlands
149336;3241;English
149468;3651;Pусский
149474;3241;English
1495;3121;العربية
1495;3241;English
1495;3371;Italiano
1495;3445;Latin
149586;3241;English
1496;3241;English
1497;3241;English
149723;3383;日本語
149725;3241;English
149727;3414;ქართული
149786;3241;English
1498;3276;Français
1498;3241;English
149832;3651;Pусский
149854;3267;suomi
149856;3241;English
149868;3267;suomi
149883;3241;English
1499;3241;English
149946;3651;Pусский
15;3241;English
150;3241;English
150010;3651;Pусский
150054;3121;العربية
150054;3121;العربية
150056;3201;Deutsch
150084;3241;English
150140;3241;English
150202;3241;English
150218;3371;Italiano
150230;3241;English
150338;3241;English
150473;3247;Eesti
150540;3241;English
150657;3276;Français
150736;3276;Français
150778;3241;English
151062;3241;English
151431;3241;English
151489;3190;Cymraeg
151509;3241;English
151679;3241;English
151693;3241;English
151731;3241;English
151743;3886;普通话
151911;3241;English
151911;3241;English
151923;3241;English
151933;3241;English
152;3241;English
152023;3241;English
152206;3241;English
152539;3276;Français
152599;3445;Latin
152599;3241;English
152599;3580;Polski
152601;3241;English
152603;3710;Türkçe
152603;3121;العربية
152603;3241;English
152603;3276;Français
152635;3241;English
152737;3241;English
152747;3241;English
152780;3276;Français
152846;3371;Italiano
152912;3580;Polski
152992;3241;English
153;3383;日本語
153;3241;English
153102;3241;English
153118;3840;No Language
153158;3246;Español
153158;3241;English
153162;3241;English
153170;3329;हिन्दी
153228;3241;English
153266;3580;Polski
153266;3241;English
153266;3580;Polski
153266;3241;English
153272;3241;English
1534;3241;English
1534;3370;Íslenska
1534;3651;Pусский
153420;3383;日本語
153444;3276;Français
153444;3276;Français
153518;3241;English
153532;3267;suomi
153556;3588;Português
153556;3241;English
153652;3241;English
1537;3241;English
153738;3241;English
153750;3383;日本語
153774;3241;English
153774;3371;Italiano
153774;3246;Español
1538;3246;Español
1538;3241;English
153820;3276;Français
1539;3201;Deutsch
154073;3241;English
1541;3241;English
154140;3241;English
154188;3588;Português
1542;3241;English
154226;3241;English
154276;3241;English
1543;3201;Deutsch
1544;3241;English
154400;3241;English
154442;3383;日本語
154582;3201;Deutsch
1546;3241;English
1547;3241;English
154786;3241;English
154786;3276;Français
1548;3241;English
1549;3276;Français
155;3241;English
155;3886;普通话
1550;3886;普通话
1550;3241;English
155084;3241;English
155096;3428;한국어/조선말
1551;3241;English
1551;3276;Français
1551;3246;Español
1552;3241;English
155288;3241;English
155288;3201;Deutsch
1553;3276;Français
155386;3246;Español
1554;3241;English
1554;3371;Italiano
155597;3371;Italiano
155605;3383;日本語
155685;3241;English
1557;3651;Pусский
1557;3201;Deutsch
1557;3241;English
155796;3241;English
155890;3276;Français
1559;3241;English
155956;3371;Italiano
1561;3276;Français
156141;3651;Pусский
156145;3371;Italiano
1562;3241;English
1563;3276;Français
156317;3241;English
156597;3241;English
1566;3241;English
1566;3201;Deutsch
156603;3241;English
156643;3886;普通话
1567;3276;Français
156708;3241;English
1568;3276;Français
1568;3201;Deutsch
157;3241;English
157;3651;Pусский
157075;3241;English
1571;3241;English
1571;3371;Italiano
1571;3276;Français
157174;3371;Italiano
157178;3580;Polski
1572;3241;English
1572;3201;Deutsch
1572;3645;Română
1573;3241;English
1573;3246;Español
157320;3580;Polski
157336;3241;English
157350;3241;English
157373;3241;English
157375;3241;English
1574;3341;Magyar
1574;3241;English
157544;3241;English
157544;3201;Deutsch
157683;3371;Italiano
1577;3241;English
157723;3241;English
157779;3201;Deutsch
157787;3276;Français
1578;3241;English
157823;3241;English
157825;3241;English
157827;3241;English
157827;3276;Français
157829;3241;English
157837;3241;English
157841;3241;English
157843;3241;English
157845;3886;普通话
157845;3241;English
157847;3241;English
157849;3241;English
157851;3241;English
1579;3241;English
158;3201;Deutsch
1580;3241;English
158009;3248;euskera
158011;3241;English
158015;3241;English
158068;3383;日本語
1581;3241;English
158113;3241;English
158182;3371;Italiano
158182;3588;Português
158262;3241;English
1583;3201;Deutsch
1584;3241;English
158426;3276;Français
158426;3241;English
158426;3121;العربية
158439;3241;English
1585;3241;English
158589;3325;עִבְרִית
1586;3241;English
158675;3241;English
1587;3241;English
158711;3241;English
158743;3241;English
1588;3241;English
158848;3241;English
158852;3241;English
158864;3241;English
158870;3241;English
158884;3241;English
1589;3241;English
158900;3683;svenska
158908;3241;English
158914;3241;English
158916;3241;English
158928;3241;English
158936;3241;English
158942;3341;Magyar
158968;3840;No Language
158990;3241;English
159;3201;Deutsch
1590;3201;Deutsch
159000;3241;English
159002;3241;English
159002;3383;日本語
159004;3241;English
159004;3587;پښتو
159004;3676;Somali
159004;3121;العربية
159024;3241;English
159095;3241;English
1591;3241;English
1591;3201;Deutsch
1591;3684;Kiswahili
159109;3241;English
159109;3241;English
159117;3241;English
159121;3276;Français
159137;3241;English
159151;3241;English
159153;3241;English
159167;3241;English
159185;3886;普通话
1592;3241;English
1592;3246;Español
159201;3241;English
159203;3267;suomi
159207;3651;Pусский
159211;3241;English
159215;3241;English
159281;3371;Italiano
1593;3241;English
1593;3371;Italiano
1593;3325;עִבְרִית
159389;3241;English
1594;3241;English
1594;3276;Français
159403;3383;日本語
159447;3651;Pусский
159464;3241;English
159469;3241;English
159480;3683;svenska
1595;3241;English
159538;3241;English
1596;3241;English
1596;3651;Pусский
159622;3241;English
159638;3241;English
159652;3241;English
1597;3241;English
159704;3371;Italiano
159727;3241;English
1598;3241;English
159849;3241;English
159849;3241;English
159849;3241;English
159849;3241;English
159849;3241;English
159849;3241;English
159849;3241;English
159849;3241;English
159849;3241;English
159849;3241;English
159849;3241;English
159849;3241;English
1599;3241;English
159942;3153;Bosanski
159988;3241;English
16;3241;English
160;3840;No Language
160106;3184;Český
160118;3645;Română
160124;3651;Pусский
160128;3241;English
160139;3241;English
160155;3241;English
160165;3580;Polski
160171;3259;فارسی
160265;3329;हिन्दी
160588;3241;English
160660;3241;English
160660;3201;Deutsch
160718;3241;English
160768;3241;English
160788;3276;Français
160788;3201;Deutsch
160788;3246;Español
1608;3241;English
160844;3371;Italiano
1609;3241;English
161;3371;Italiano
161;3241;English
1610;3241;English
161024;3246;Español
161024;3246;Español
161056;3267;suomi
161070;3241;English
161076;3241;English
161080;3241;English
1611;3201;Deutsch
161143;3241;English
161179;3329;हिन्दी
161187;3241;English
1613;3241;English
161426;3241;English
1615;3201;Deutsch
161512;3241;English
161512;3651;Pусский
1616;3201;Deutsch
161602;3241;English
161782;3241;English
161796;3241;English
161808;3710;Türkçe
161816;3329;हिन्दी
1619;3241;English
1619;3276;Français
162;3241;English
1620;3241;English
1620;3651;Pусский
1620;3679;Srpski
162006;3383;日本語
162056;3371;Italiano
1621;3241;English
1621;3588;Português
1622;3276;Français
162234;3201;Deutsch
162234;3710;Türkçe
162282;3371;Italiano
162284;3241;English
1623;3241;English
162320;3276;Français
162372;3246;Español
162374;3276;Français
162382;3371;Italiano
162396;3241;English
1624;3241;English
162406;3383;日本語
162458;3276;Français
162592;3241;English
1626;3276;Français
1628;3241;English
1628;3276;Français
1628;3201;Deutsch
162818;3683;svenska
162850;3241;English
162862;3241;English
162864;3241;English
162874;3241;English
1629;3276;Français
162928;3241;English
162934;3241;English
1630;3241;English
163018;3239;ελληνικά
163042;3651;Pусский
163042;3734;Український
163068;3241;English
1631;3276;Français
1632;3241;English
163202;3383;日本語
163202;3886;普通话
1633;3241;English
163312;3580;Polski
163312;3580;Polski
163366;3241;English
163376;3241;English
163428;3651;Pусский
1635;3241;English
163523;3241;English
163583;3241;English
1636;3241;English
1636;3651;Pусский
1636;3246;Español
163631;3241;English
163659;3246;Español
1639;3241;English
1639;3588;Português
163907;3241;English
163937;3241;English
164;3241;English
164;3588;Português
164013;3651;Pусский
164045;3241;English
1641;3241;English
164123;3241;English
1642;3241;English
1642;3246;Español
164286;3241;English
164286;3246;Español
1643;3241;English
1643;3276;Français
1644;3241;English
164421;3239;ελληνικά
164443;3241;English
164443;3201;Deutsch
164443;3580;Polski
164443;3241;English
164443;3201;Deutsch
164443;3580;Polski
1645;3241;English
164558;3588;Português
164558;3241;English
1646;3241;English
1646;3246;Español
164687;3241;English
1647;3241;English
1647;3259;فارسی
1647;3651;Pусский
164777;3371;Italiano
164827;3239;ελληνικά
1649;3241;English
165;3241;English
165023;3383;日本語
165027;3201;Deutsch
1651;3276;Français
165159;3371;Italiano
1652;3201;Deutsch
1653;3620;
1653;3246;Español
165321;3588;Português
165401;3241;English
1655;3201;Deutsch
165567;3241;English
165569;3241;English
1656;3241;English
1656;3371;Italiano
1656;3246;Español
165739;3241;English
1659;3201;Deutsch
165911;3259;فارسی
166;3276;Français
1660;3276;Français
166076;3241;English
166076;3276;Français
166076;3246;Español
1661;3201;Deutsch
166161;3201;Deutsch
1662;3241;English
166207;3246;Español
166221;3241;English
166225;3329;हिन्दी
166231;3329;हिन्दी
166271;3241;English
166560;3241;English
1666;3241;English
166621;3241;English
166643;3241;English
166671;3241;English
1667;3276;Français
1667;3241;English
166733;3239;ελληνικά
166747;3241;English
166773;3241;English
166798;3148;বাংলা
166874;3329;हिन्दी
166886;3466;Latviešu
166888;3201;Deutsch
166888;3371;Italiano
166888;3201;Deutsch
166888;3371;Italiano
1669;3241;English
1669;3651;Pусский
166904;3241;English
167;3241;English
167012;3241;English
167032;3241;English
1672;3276;Français
167262;3241;English
167262;3276;Français
1673;3241;English
167330;3201;Deutsch
167364;3276;Français
167424;3201;Deutsch
167424;3645;Română
167424;3241;English
167494;3148;বাংলা
1675;3241;English
1675;3276;Français
167502;3241;English
167548;3486;
167548;3679;Srpski
167556;3241;English
167658;3267;suomi
167666;3241;English
1677;3241;English
167726;3683;svenska
167738;3241;English
1678;3383;日本語
167810;3241;English
167858;3651;Pусский
1679;3383;日本語
167956;3246;Español
167960;3241;English
168;3241;English
168;3267;suomi
1680;3383;日本語
168022;3241;English
168056;3683;svenska
168098;3241;English
168112;3683;svenska
1682;3383;日本語
168210;3241;English
168210;3371;Italiano
168228;3241;English
168228;3241;English
1683;3246;Español
1683;3241;English
168300;3383;日本語
168320;3241;English
168408;3241;English
168426;3241;English
168450;3241;English
168478;3651;Pусский
1685;3241;English
168530;3241;English
168552;3325;עִבְרִית
1686;3241;English
168616;3241;English
168616;3370;Íslenska
168672;3241;English
168676;3241;English
168676;3201;Deutsch
168712;3241;English
168742;3459;
168758;3683;svenska
168758;3241;English
1688;3241;English
168806;3683;svenska
168814;3886;普通话
1689;3241;English
168994;3383;日本語
169;3241;English
1690;3241;English
169020;3276;Français
169022;3428;한국어/조선말
169066;3241;English
169068;3241;English
169068;3241;English
169090;3683;svenska
169158;3241;English
169250;3201;Deutsch
169250;3338;Hrvatski
169298;3241;English
169298;3246;Español
169298;3276;Français
169298;3201;Deutsch
1694;3241;English
1694;3201;Deutsch
169448;3259;فارسی
1696;3246;Español
1696;3241;English
169634;3734;Український
169634;3734;Український
169642;3241;English
169644;3241;English
169652;3371;Italiano
169656;3201;Deutsch
169656;3241;English
169656;3651;Pусский
169692;3371;Italiano
1697;3201;Deutsch
169758;3241;English
169760;3241;English
169782;3241;English
169794;3241;English
1698;3201;Deutsch
1698;3445;Latin
169800;3241;English
169832;3241;English
169836;3241;English
169836;3201;Deutsch
169840;3241;English
169842;3241;English
169844;3241;English
169860;3241;English
169864;3276;Français
169864;3241;English
169962;3241;English
17;3241;English
17;3190;Cymraeg
170;3246;Español
170;3241;English
1701;3241;English
1702;3241;English
170261;3241;English
170263;3683;svenska
170277;3241;English
170279;3276;Français
170279;3241;English
170279;3383;日本語
170279;3518;Nederlands
170315;3241;English
170455;3241;English
170477;3241;English
1705;3241;English
170517;3241;English
170657;3886;普通话
170687;3241;English
170767;3276;Français
170767;3246;Español
170967;3241;English
171;3276;Français
1710;3241;English
1710;3201;Deutsch
171045;3241;English
171075;3241;English
171213;3276;Français
171277;3241;English
1713;3241;English
171337;3241;English
171357;3241;English
171363;3241;English
1714;3241;English
171427;3683;svenska
171429;3241;English
1715;3241;English
171587;3428;한국어/조선말
171587;3428;한국어/조선말
171597;3588;Português
1716;3276;Français
1717;3241;English
171755;3241;English
171759;3241;English
171759;3201;Deutsch
171769;3241;English
171771;3276;Français
171795;3241;English
1718;3241;English
171873;3201;Deutsch
1719;3276;Français
172;3241;English
1720;3276;Français
1720;3370;Íslenska
172003;3201;Deutsch
172011;3201;Deutsch
1721;3371;Italiano
172149;3241;English
172259;3241;English
172295;3341;Magyar
172297;3276;Français
1723;3241;English
1724;3588;Português
1724;3246;Español
1724;3241;English
172457;3246;Español
172469;3241;English
172475;3241;English
172499;3239;ελληνικά
1725;3241;English
172533;3241;English
172535;3241;English
172545;3241;English
172577;3241;English
1726;3241;English
1726;3259;فارسی
1726;3741;اردو
1726;3121;العربية
172631;3241;English
172673;3840;No Language
1727;3241;English
172705;3201;Deutsch
172705;3355;Bahasa indonesia
172721;3241;English
172729;3241;English
172747;3371;Italiano
172767;3241;English
172767;3241;English
172785;3241;English
172803;3241;English
172817;3329;हिन्दी
172847;3241;English
172897;3241;English
1729;3241;English
1729;3886;普通话
173;3241;English
1730;3241;English
1730;3580;Polski
1731;3241;English
173153;3241;English
173171;3580;Polski
173177;3371;Italiano
173185;3276;Français
173185;3241;English
173189;3241;English
1732;3241;English
1732;3201;Deutsch
1732;3246;Español
173205;3241;English
173299;3241;English
173327;3241;English
1734;3241;English
1734;3121;العربية
173421;3239;ελληνικά
173467;3241;English
173491;3241;English
173499;3241;English
1735;3241;English
1735;3886;普通话
1735;3662;
173541;3241;English
173557;3241;English
173587;3518;Nederlands
173631;3201;Deutsch
173635;3241;English
173689;3241;English
173739;3588;Português
1738;3241;English
1738;3276;Français
1738;3201;Deutsch
173805;3241;English
173845;3683;svenska
173847;3371;Italiano
173865;3267;suomi
173873;3184;Český
173891;3241;English
173893;3241;English
173897;3241;English
173917;3246;Español
173917;3241;English
174;3241;English
174195;3241;English
174371;3241;English
174593;3197;Dansk
174611;3241;English
174645;3241;English
174645;3355;Bahasa indonesia
174671;3241;English
174675;3241;English
174751;3241;English
174751;3241;English
174759;3241;English
174865;3241;English
175245;3241;English
175291;3241;English
175331;3201;Deutsch
175331;3434;
175331;3710;Türkçe
175427;3741;اردو
175503;3201;Deutsch
175555;3241;English
175869;3840;No Language
175983;3241;English
176;3241;English
176069;3241;English
176077;3241;English
176085;3241;English
176143;3241;English
176143;3383;日本語
176167;3201;Deutsch
177;3241;English
1770;3241;English
1771;3276;Français
1771;3521;Norsk
1771;3241;English
1772;3241;English
1773;3241;English
1773;3201;Deutsch
1774;3241;English
1776;3241;English
1779;3241;English
178;3241;English
1781;3241;English
1782;3241;English
1782;3276;Français
1783;3241;English
1783;3201;Deutsch
1783;3383;日本語
1785;3241;English
1785;3276;Français
1787;3276;Français
1788;3241;English
1789;3246;Español
1789;3241;English
179;3241;English
179;3276;Français
179;3588;Português
1791;3276;Français
1791;3201;Deutsch
1792;3241;English
1793;3201;Deutsch
1793;3241;English
18;3241;English
18;3683;svenska
18;3201;Deutsch
180;3241;English
180;3683;svenska
1807;3241;English
1809;3241;English
1809;3201;Deutsch
1810;3241;English
1810;3201;Deutsch
1810;3371;Italiano
1811;3241;English
1812;3241;English
1815;3241;English
1815;3201;Deutsch
1817;3241;English
1817;3684;Kiswahili
1819;3241;English
182;3241;English
182;3201;Deutsch
182;3886;普通话
182;3651;Pусский
1824;3241;English
1825;3241;English
1826;3276;Français
1829;3241;English
1829;3276;Français
183;3241;English
183;3371;Italiano
1831;3276;Français
1831;3241;English
1832;3241;English
1833;3241;English
1834;3241;English
1835;3241;English
1836;3276;Français
1837;3276;Français
184;3241;English
1840;3241;English
1841;3241;English
1842;3241;English
1843;3241;English
1844;3241;English
1845;3241;English
1845;3276;Français
1845;3201;Deutsch
1846;3241;English
1847;3241;English
1848;3241;English
1849;3241;English
185;3241;English
1850;3241;English
1852;3241;English
1853;3241;English
1857;3241;English
1857;3383;日本語
1858;3246;Español
1858;3241;English
1859;3241;English
186;3241;English
1863;3241;English
1863;3371;Italiano
1863;3651;Pусский
1865;3241;English
1865;3246;Español
187;3241;English
1870;3276;Français
1871;3276;Français
1872;3241;English
1872;3580;Polski
1873;3241;English
1874;3241;English
1874;3824;
1875;3276;Français
1877;3241;English
1877;3201;Deutsch
1878;3241;English
1879;3241;English
1880;3241;English
1880;3651;Pусский
1880;3246;Español
1882;3241;English
1882;3246;Español
1883;3121;العربية
1883;3241;English
1884;3241;English
1885;3241;English
1887;3241;English
1887;3276;Français
1887;3445;Latin
1888;3241;English
189;3241;English
1890;3184;Český
1890;3241;English
1891;3241;English
1892;3241;English
1893;3241;English
1894;3241;English
1895;3241;English
1896;3166;Català
1896;3246;Español
1899;3886;普通话
19;3840;No Language
1900;3246;Español
1900;3241;English
1901;3241;English
1901;3371;Italiano
1902;3246;Español
1903;3241;English
1904;3241;English
1904;3383;日本語
1906;3201;Deutsch
1908;3241;English
1908;3276;Français
1908;3246;Español
1909;3241;English
1911;3241;English
1911;3521;Norsk
1912;3201;Deutsch
1913;3301;Galego
1913;3246;Español
1914;3201;Deutsch
1915;3201;Deutsch
1915;3341;Magyar
1918;3325;עִבְרִית
1919;3241;English
192;3241;English
192;3445;Latin
1920;3241;English
1921;3241;English
1922;3241;English
1923;3241;English
1924;3241;English
1927;3241;English
1927;3246;Español
193;3241;English
1930;3241;English
1931;3241;English
1933;3276;Français
1933;3241;English
1934;3241;English
1936;3241;English
1937;3241;English
1938;3241;English
1939;3241;English
194;3276;Français
194;3651;Pусский
1940;3241;English
1941;3241;English
1942;3241;English
1944;3241;English
1945;3241;English
1946;3241;English
1947;3241;English
1947;3276;Français
1948;3241;English
1948;3246;Español
1948;3428;한국어/조선말
1949;3241;English
195;3241;English
195;3371;Italiano
1950;3241;English
1951;3241;English
1954;3241;English
1955;3241;English
1956;3241;English
1957;3241;English
1958;3276;Français
1959;3241;English
196;3241;English
1961;3241;English
1963;3428;한국어/조선말
1964;3201;Deutsch
1965;3121;العربية
1965;3241;English
1966;3241;English
1967;3241;English
1968;3241;English
1969;3241;English
1969;3246;Español
197;3241;English
197;3276;Français
197;3445;Latin
197;3293;
1970;3241;English
1970;3383;日本語
1975;3241;English
1975;3383;日本語
1975;3651;Pусский
1976;3241;English
1976;3276;Français
1977;3241;English
1977;3383;日本語
1977;3580;Polski
1978;3241;English
1979;3241;English
1979;3383;日本語
1979;3121;العربية
1979;3886;普通话
198;3241;English
1984;3241;English
1986;3116;
1986;3276;Français
1986;3325;עִבְרִית
1987;3121;العربية
1987;3241;English
1987;3276;Français
1987;3201;Deutsch
1988;3241;English
1988;3276;Français
1988;3741;اردو
1989;3241;English
199;3241;English
1990;3241;English
1991;3241;English
1992;3241;English
1993;3276;Français
1993;3371;Italiano
1994;3651;Pусский
1994;3241;English
1995;3241;English
1996;3241;English
1996;3886;普通话
1997;3241;English
1997;3276;Français
1997;3700;ภาษาไทย
1998;3241;English
1998;3276;Français
1998;3371;Italiano
1998;3426;
1998;3241;English
1998;3276;Français
1998;3371;Italiano
1998;3426;
1999;3669;
1999;3241;English
2;3267;suomi
2;3201;Deutsch
20;3241;English
200;3241;English
2000;3201;Deutsch
2000;3246;Español
2001;3241;English
2001;3651;Pусский
2002;3276;Français
2003;3276;Français
2004;3201;Deutsch
2004;3239;ελληνικά
2004;3710;Türkçe
2005;3241;English
2006;3241;English
2006;3276;Français
2007;3241;English
2007;3276;Français
2007;3341;Magyar
2008;3241;English
2008;3201;Deutsch
2008;3886;普通话
2009;3645;Română
201;3241;English
2010;3383;日本語
2011;3241;English
2011;3276;Français
2011;3201;Deutsch
2011;3259;فارسی
2012;3241;English
2012;3276;Français
2012;3246;Español
2013;3276;Français
2014;3241;English
2014;3201;Deutsch
2014;3710;Türkçe
2015;3428;한국어/조선말
2016;3121;العربية
2016;3276;Français
2017;3241;English
2018;3241;English
2019;3241;English
2020;3241;English
2021;3241;English
2022;3241;English
2023;3241;English
2024;3241;English
2026;3241;English
2028;3241;English
2029;3276;Français
203;3241;English
203;3371;Italiano
2033;3241;English
2034;3241;English
2034;3651;Pусский
2034;3246;Español
2034;3428;한국어/조선말
2038;3241;English
2039;3241;English
2042;3241;English
2042;3276;Français
2042;3669;
2043;3241;English
2043;3651;Pусский
2044;3241;English
2045;3241;English
2046;3241;English
2047;3241;English
2048;3241;English
2049;3241;English
205;3241;English
205;3276;Français
2054;3241;English
2055;3241;English
2056;3241;English
2059;3445;Latin
2059;3241;English
2059;3246;Español
206;3241;English
2061;3197;Dansk
2062;3241;English
2064;3241;English
2067;3241;English
207;3241;English
2071;3241;English
2072;3241;English
2074;3241;English
2075;3241;English
2077;3241;English
2078;3241;English
2079;3241;English
2080;3241;English
2082;3241;English
2084;3241;English
2084;3651;Pусский
2085;3241;English
2085;3886;普通话
2086;3241;English
2087;3241;English
2088;3241;English
2089;3241;English
2089;3201;Deutsch
2091;3241;English
2093;3886;普通话
2093;3241;English
2093;3246;Español
2093;3518;Nederlands
2095;3241;English
2095;3445;Latin
2097;3383;日本語
2098;3241;English
2099;3241;English
21;3241;English
2100;3241;English
2102;3241;English
2103;3241;English
2104;3276;Français
2105;3241;English
2107;3241;English
2108;3241;English
2109;3241;English
211;3201;Deutsch
2110;3276;Français
2110;3383;日本語
2110;3651;Pусский
2111;3886;普通话
2112;3241;English
2114;3241;English
2115;3241;English
2116;3241;English
2117;3201;Deutsch
2118;3241;English
2119;3241;English
2123;3241;English
2123;3201;Deutsch
2124;3184;Český
2124;3241;English
2125;3241;English
213;3241;English
2132;3241;English
2133;3241;English
2134;3241;English
2135;3241;English
2139;3241;English
2139;3886;普通话
214;3241;English
2140;3241;English
2140;3276;Français
2140;3886;普通话
2141;3241;English
2142;3241;English
2143;3241;English
2143;3246;Español
2144;3241;English
2148;3241;English
2148;3371;Italiano
2149;3241;English
215;3241;English
2151;3241;English
2152;3241;English
2153;3241;English
2154;3241;English
2155;3241;English
2157;3241;English
216;3121;العربية
216;3201;Deutsch
2160;3241;English
2160;3276;Français
2161;3241;English
2162;3241;English
2163;3241;English
2164;3241;English
2164;3521;Norsk
2164;3683;svenska
2165;3241;English
2166;3241;English
2169;3201;Deutsch
217;3241;English
217;3201;Deutsch
217;3651;Pусский
2171;3241;English
2172;3666;
2176;3246;Español
2176;3241;English
2179;3241;English
218;3241;English
2180;3683;svenska
2182;3241;English
2185;3241;English
2186;3241;English
2189;3241;English
219;3246;Español
2191;3241;English
2191;3201;Deutsch
2192;3371;Italiano
2193;3241;English
2195;3201;Deutsch
2196;3241;English
2197;3276;Français
2199;3241;English
22;3241;English
220;3241;English
2200;3201;Deutsch
2202;3241;English
2204;3201;Deutsch
2204;3241;English
2204;3518;Nederlands
2207;3241;English
2210;3241;English
2211;3201;Deutsch
2212;3241;English
222;3201;Deutsch
223;3241;English
223;3276;Français
2232;3201;Deutsch
2239;3241;English
224;3580;Polski
2241;3201;Deutsch
2246;3241;English
225;3580;Polski
2251;3241;English
2251;3276;Français
2253;3241;English
2253;3201;Deutsch
2255;3241;English
2259;3246;Español
2259;3241;English
226;3241;English
2260;3241;English
2261;3241;English
2262;3241;English
2262;3201;Deutsch
2263;3241;English
2263;3341;Magyar
2263;3246;Español
2264;3201;Deutsch
2267;3241;English
2267;3246;Español
2267;3700;ภาษาไทย
2269;3651;Pусский
227;3241;English
2270;3241;English
2274;3241;English
2275;3241;English
2277;3241;English
228;3241;English
228;3276;Français
228;3201;Deutsch
2280;3241;English
2284;3241;English
2286;3518;Nederlands
2286;3201;Deutsch
2287;3241;English
2288;3241;English
2289;3241;English
229;3241;English
2290;3241;English
2291;3241;English
2292;3241;English
2293;3241;English
2294;3241;English
2295;3241;English
2297;3241;English
2300;3241;English
2302;3856;
2302;3241;English
2307;3241;English
2309;3241;English
2310;3241;English
2312;3241;English
2313;3241;English
232;3241;English
2320;3241;English
2321;3241;English
2322;3241;English
2322;3886;普通话
2322;3651;Pусский
2323;3241;English
2324;3241;English
2325;3241;English
2325;3201;Deutsch
2325;3651;Pусский
233;3241;English
2332;3201;Deutsch
2332;3276;Français
2332;3383;日本語
2333;3201;Deutsch
2334;3276;Français
2335;3276;Français
234;3840;No Language
2348;3241;English
2349;3201;Deutsch
235;3241;English
2355;3241;English
2357;3241;English
2357;3246;Español
2359;3241;English
2359;3276;Français
2359;3651;Pусский
2359;3246;Español
236;3241;English
2360;3276;Français
2360;3241;English
2362;3241;English
2363;3276;Français
2363;3201;Deutsch
237;3241;English
2370;3241;English
2370;3276;Français
2370;3651;Pусский
2370;3246;Español
2371;3276;Français
2371;3651;Pусский
238;3241;English
238;3371;Italiano
238;3445;Latin
2383;3241;English
239;3241;English
2395;3276;Français
2395;3588;Português
2397;3241;English
24;3241;English
24;3383;日本語
24;3276;Français
240;3241;English
240;3371;Italiano
240;3445;Latin
240;3246;Español
241;3241;English
241;3528;
241;3383;日本語
242;3241;English
242;3371;Italiano
242;3201;Deutsch
242;3445;Latin
2428;3241;English
243;3197;Dansk
243;3241;English
2433;3276;Français
2436;3241;English
2436;3276;Français
2438;3241;English
2438;3246;Español
244;3241;English
2440;3241;English
2440;3201;Deutsch
2440;3428;한국어/조선말
2441;3246;Español
2442;3241;English
2444;3201;Deutsch
2444;3246;Español
2447;3241;English
2447;3588;Português
245;3241;English
2453;3241;English
2454;3241;English
2455;3276;Français
2457;3276;Français
2459;3276;Français
246;3383;日本語
2460;3246;Español
2462;3197;Dansk
2462;3276;Français
2462;3241;English
2463;3179;广州话 / 廣州話
2463;3241;English
2469;3246;Español
247;3241;English
2470;3246;Español
248;3241;English
248;3246;Español
2486;3241;English
2487;3383;日本語
249;3241;English
2493;3241;English
25;3241;English
25;3246;Español
25;3121;العربية
25;3445;Latin
250;3197;Dansk
250;3241;English
250;3201;Deutsch
250;3669;
2502;3241;English
2502;3651;Pусский
2502;3201;Deutsch
2502;3371;Italiano
251;3241;English
2516;3241;English
2517;3383;日本語
252;3241;English
252;3276;Français
252;3201;Deutsch
2525;3241;English
2527;3276;Français
2528;3276;Français
253;3241;English
253;3341;Magyar
2539;3246;Español
2539;3241;English
254;3241;English
255;3276;Français
256;3276;Français
2565;3241;English
2567;3241;English
257;3241;English
25735;3241;English
25736;3241;English
25738;3241;English
2574;3276;Français
25741;3241;English
25741;3267;suomi
25744;3383;日本語
25745;3241;English
25746;3383;日本語
25747;3428;한국어/조선말
25748;3241;English
25749;3241;English
2575;3241;English
2575;3246;Español
25750;3241;English
25751;3241;English
25752;3241;English
25753;3241;English
25755;3241;English
25755;3886;普通话
25755;3700;ภาษาไทย
25757;3241;English
2576;3241;English
2576;3201;Deutsch
25763;3246;Español
25763;3241;English
25767;3241;English
25769;3241;English
2577;3241;English
25771;3241;English
25773;3241;English
25778;3241;English
25783;3241;English
25783;3246;Español
25786;3241;English
25787;3241;English
25789;3241;English
25789;3276;Français
25795;3246;Español
25796;3241;English
25796;3276;Français
25797;3518;Nederlands
258;3276;Français
25803;3329;हिन्दी
25803;3241;English
25807;3241;English
25831;3241;English
25833;3241;English
25834;3241;English
25842;3241;English
25846;3241;English
25846;3371;Italiano
25852;3241;English
25855;3700;ภาษาไทย
25858;3383;日本語
25866;3276;Français
25868;3329;हिन्दी
25869;3329;हिन्दी
2587;3241;English
25872;3241;English
25874;3241;English
25875;3886;普通话
25875;3241;English
25875;3383;日本語
2588;3246;Español
25884;3241;English
25890;3241;English
25893;3241;English
25894;3121;العربية
25894;3241;English
25894;3276;Français
25894;3201;Deutsch
25898;3241;English
259;3276;Français
25900;3241;English
25902;3341;Magyar
25903;3241;English
25904;3201;Deutsch
25904;3184;Český
25905;3201;Deutsch
25905;3672;Slovenčina
25908;3184;Český
25913;3241;English
25914;3241;English
25915;3241;English
25918;3241;English
25919;3241;English
25921;3241;English
25922;3246;Español
25927;3241;English
25927;3588;Português
2593;3276;Français
25934;3241;English
25935;3241;English
25936;3651;Pусский
2594;3276;Français
25941;3241;English
25943;3241;English
25944;3241;English
25950;3651;Pусский
25951;3241;English
25951;3383;日本語
25952;3241;English
25956;3246;Español
25961;3241;English
25961;3383;日本語
25970;3241;English
25975;3241;English
25977;3241;English
25993;3241;English
25994;3241;English
25998;3179;广州话 / 廣州話
260;3241;English
26005;3179;广州话 / 廣州話
26009;3241;English
26010;3371;Italiano
26010;3179;广州话 / 廣州話
26010;3383;日本語
26016;3241;English
26018;3241;English
26022;3241;English
26022;3329;हिन्दी
26022;3741;اردو
26028;3241;English
26030;3241;English
26030;3276;Français
26035;3241;English
26038;3241;English
26038;3201;Deutsch
26038;3580;Polski
2604;3241;English
2604;3246;Español
26042;3241;English
26044;3241;English
2605;3241;English
26056;3241;English
2608;3246;Español
2608;3241;English
2609;3241;English
261;3241;English
2610;3241;English
2610;3580;Polski
26108;3241;English
2611;3239;ελληνικά
2611;3241;English
2611;3290;Gaeilge
26111;3683;svenska
26113;3121;العربية
26113;3241;English
26113;3201;Deutsch
26113;3325;עִבְרִית
26116;3241;English
26116;3580;Polski
26116;3651;Pусский
26119;3241;English
26119;3246;Español
2612;3241;English
2612;3341;Magyar
26123;3241;English
26124;3241;English
26125;3241;English
26127;3241;English
26127;3276;Français
2613;3518;Nederlands
2613;3241;English
26130;3383;日本語
26133;3241;English
26137;3886;普通话
26138;3428;한국어/조선말
2614;3241;English
26141;3241;English
26141;3856;
26142;3241;English
26147;3267;suomi
26152;3276;Français
26155;3241;English
26156;3241;English
26158;3241;English
2616;3241;English
26162;3241;English
26167;3241;English
2617;3241;English
26170;3241;English
26171;3241;English
26172;3241;English
26174;3241;English
26174;3371;Italiano
26175;3241;English
26177;3241;English
26178;3371;Italiano
26180;3241;English
26181;3241;English
26185;3241;English
26189;3241;English
26191;3276;Français
26191;3201;Deutsch
26195;3241;English
26198;3241;English
26199;3241;English
26199;3241;English
262;3241;English
2620;3241;English
26203;3241;English
26204;3241;English
26204;3246;Español
26205;3184;Český
26205;3241;English
26205;3201;Deutsch
2621;3241;English
2621;3371;Italiano
26215;3241;English
26215;3651;Pусский
26223;3241;English
26225;3246;Español
26225;3241;English
2623;3241;English
26230;3241;English
26232;3246;Español
26235;3241;English
26242;3241;English
26242;3276;Français
26242;3201;Deutsch
26243;3241;English
26245;3241;English
26246;3241;English
2625;3241;English
26251;3241;English
26252;3276;Français
26254;3241;English
26255;3241;English
26258;3241;English
26258;3201;Deutsch
26259;3886;普通话
26263;3241;English
26264;3241;English
26266;3241;English
26267;3241;English
26268;3241;English
26269;3241;English
26270;3241;English
26271;3241;English
26277;3329;हिन्दी
26277;3371;Italiano
26280;3276;Français
26282;3383;日本語
26282;3179;广州话 / 廣州話
26282;3241;English
26283;3241;English
26285;3371;Italiano
26290;3241;English
26291;3241;English
26299;3241;English
26301;3241;English
26302;3651;Pусский
26306;3241;English
26314;3580;Polski
26314;3580;Polski
26316;3241;English
26317;3840;No Language
26320;3241;English
26323;3241;English
26325;3241;English
26326;3241;English
26333;3241;English
26334;3241;English
26336;3241;English
26337;3241;English
26342;3241;English
26350;3241;English
26354;3241;English
26356;3371;Italiano
26357;3241;English
2636;3241;English
26360;3241;English
26366;3241;English
26367;3241;English
26368;3383;日本語
26369;3241;English
2637;3241;English
26370;3241;English
26370;3246;Español
26371;3241;English
26372;3683;svenska
26378;3241;English
26379;3329;हिन्दी
26379;3329;हिन्दी
26380;3241;English
26386;3241;English
26388;3241;English
26389;3201;Deutsch
26389;3241;English
26389;3276;Français
26389;3886;普通话
2639;3241;English
26391;3241;English
26393;3241;English
26397;3241;English
26397;3276;Français
26398;3241;English
2640;3241;English
2640;3371;Italiano
2642;3241;English
26425;3241;English
26430;3241;English
26431;3241;English
26444;3241;English
26450;3241;English
26452;3241;English
26452;3371;Italiano
26475;3241;English
26479;3241;English
2648;3179;广州话 / 廣州話
26480;3241;English
26480;3886;普通话
26483;3241;English
26484;3241;English
26486;3241;English
26488;3197;Dansk
26488;3246;Español
2649;3179;广州话 / 廣州話
2649;3201;Deutsch
2649;3241;English
26491;3241;English
26497;3201;Deutsch
265;3201;Deutsch
26502;3241;English
26504;3371;Italiano
26505;3241;English
26509;3241;English
26510;3241;English
26513;3241;English
26514;3241;English
26515;3241;English
2652;3241;English
26521;3246;Español
26530;3241;English
26539;3241;English
2654;3241;English
26540;3241;English
26547;3241;English
2655;3241;English
26550;3371;Italiano
26550;3371;Italiano
26554;3241;English
26555;3241;English
26558;3241;English
26560;3241;English
26561;3241;English
26561;3371;Italiano
26564;3241;English
26566;3276;Français
26569;3886;普通话
2657;3241;English
26571;3241;English
26574;3241;English
26578;3241;English
26580;3241;English
26581;3241;English
26587;3241;English
26593;3246;Español
26593;3241;English
26596;3241;English
26599;3241;English
26600;3241;English
26602;3241;English
26603;3241;English
26606;3241;English
2661;3241;English
26612;3241;English
26614;3276;Français
26615;3886;普通话
26617;3241;English
2662;3241;English
26622;3241;English
26630;3241;English
26631;3241;English
26638;3371;Italiano
26643;3241;English
26644;3241;English
2665;3241;English
26655;3241;English
2666;3241;English
26663;3241;English
2667;3241;English
26670;3241;English
26676;3241;English
26677;3241;English
2668;3241;English
26680;3241;English
26682;3241;English
26685;3241;English
26685;3371;Italiano
26686;3241;English
26688;3241;English
26689;3241;English
2669;3241;English
26690;3241;English
26691;3276;Français
26693;3383;日本語
26699;3241;English
267;3246;Español
26701;3241;English
26702;3241;English
26703;3241;English
26703;3241;English
2671;3383;日本語
26710;3241;English
26712;3241;English
26712;3246;Español
26714;3241;English
26718;3241;English
26719;3241;English
26723;3241;English
26736;3241;English
26738;3241;English
26744;3241;English
26744;3276;Français
2675;3241;English
2675;3588;Português
26750;3241;English
26752;3645;Română
26755;3241;English
26758;3201;Deutsch
26758;3241;English
26761;3241;English
26762;3241;English
26763;3500;
26763;3241;English
26765;3241;English
26766;3241;English
26769;3241;English
26774;3241;English
26776;3241;English
26791;3241;English
26792;3651;Pусский
26796;3241;English
26797;3241;English
268;3241;English
268;3276;Français
26801;3241;English
26803;3241;English
26809;3241;English
26813;3149;
26814;3241;English
26814;3201;Deutsch
26815;3329;हिन्दी
26825;3241;English
26826;3184;Český
26827;3241;English
26838;3241;English
26838;3246;Español
26841;3651;Pусский
26842;3241;English
26843;3241;English
26843;3276;Français
26843;3246;Español
26849;3241;English
26850;3241;English
26851;3241;English
26860;3241;English
26861;3241;English
26865;3241;English
2687;3241;English
26873;3651;Pусский
26880;3370;Íslenska
26886;3383;日本語
26889;3241;English
26889;3246;Español
269;3276;Français
269;3241;English
2690;3241;English
26900;3710;Türkçe
26911;3241;English
26914;3241;English
2692;3201;Deutsch
26925;3241;English
26928;3241;English
26933;3276;Français
26939;3241;English
2694;3886;普通话
26940;3241;English
26941;3241;English
26941;3276;Français
26945;3383;日本語
26946;3241;English
26947;3383;日本語
26948;3241;English
26949;3241;English
26949;3371;Italiano
26954;3241;English
26954;3371;Italiano
26958;3241;English
26962;3241;English
26964;3241;English
26969;3246;Español
26973;3241;English
26974;3428;한국어/조선말
26976;3241;English
26978;3241;English
2698;3241;English
2699;3241;English
26990;3241;English
27;3241;English
27003;3241;English
27004;3241;English
27004;3276;Français
27009;3241;English
2701;3201;Deutsch
2701;3241;English
27016;3241;English
27022;3241;English
27031;3383;日本語
27033;3241;English
27036;3241;English
27040;3840;No Language
27046;3651;Pусский
27064;3241;English
27064;3383;日本語
27067;3121;العربية
27067;3276;Français
27070;3241;English
27074;3241;English
27092;3246;Español
27093;3276;Français
27094;3241;English
27095;3241;English
27095;3276;Français
271;3683;svenska
27103;3276;Français
27105;3241;English
27112;3241;English
27114;3241;English
27134;3241;English
27152;3241;English
27171;3241;English
27172;3246;Español
27172;3241;English
27176;3241;English
27197;3383;日本語
272;3241;English
272;3741;اردو
272;3886;普通话
27204;3241;English
27204;3276;Français
27204;3325;עִבְרִית
27205;3241;English
2721;3241;English
2721;3276;Français
2721;3651;Pусский
27212;3241;English
27215;3241;English
27217;3241;English
27217;3370;Íslenska
27217;3521;Norsk
2722;3246;Español
27221;3241;English
27223;3241;English
27232;3241;English
27232;3371;Italiano
27232;3246;Español
27236;3241;English
27255;3201;Deutsch
27261;3241;English
27263;3241;English
27271;3241;English
27273;3241;English
27273;3371;Italiano
27273;3246;Español
27274;3241;English
27274;3683;svenska
27276;3383;日本語
27277;3246;Español
27277;3241;English
2728;3241;English
27292;3241;English
27297;3383;日本語
273;3201;Deutsch
27306;3241;English
27307;3241;English
2731;3276;Français
2731;3763;Tiếng Việt
27310;3241;English
27313;3241;English
27316;3428;한국어/조선말
27317;3241;English
27320;3241;English
27322;3241;English
27327;3241;English
27328;3241;English
27329;3700;ภาษาไทย
27332;3241;English
27338;3276;Français
2734;3241;English
2734;3201;Deutsch
27344;3241;English
27350;3241;English
27351;3383;日本語
27359;3241;English
27360;3241;English
27362;3241;English
27370;3241;English
27372;3383;日本語
27376;3241;English
27378;3201;Deutsch
27391;3241;English
27395;3246;Español
27396;3241;English
27397;3241;English
27397;3276;Français
27397;3325;עִבְרִית
27397;3856;
274;3241;English
27408;3241;English
2742;3121;العربية
2742;3241;English
27420;3241;English
27431;3371;Italiano
27432;3241;English
27441;3241;English
27444;3241;English
27449;3241;English
27449;3276;Français
27450;3241;English
27451;3241;English
27455;3241;English
27456;3241;English
27457;3588;Português
27458;3241;English
27459;3241;English
27461;3241;English
27472;3246;Español
27472;3241;English
27475;3241;English
2748;3241;English
2748;3371;Italiano
27480;3241;English
2749;3184;Český
2749;3241;English
2749;3239;ελληνικά
2749;3651;Pусский
27496;3241;English
275;3241;English
2750;3241;English
27506;3241;English
2752;3241;English
27523;3371;Italiano
27526;3241;English
2753;3518;Nederlands
2753;3201;Deutsch
2753;3651;Pусский
2754;3518;Nederlands
27544;3241;English
27548;3241;English
27548;3241;English
27549;3241;English
2755;3241;English
27550;3683;svenska
2756;3241;English
27563;3241;English
2757;3241;English
2757;3445;Latin
27573;3241;English
27576;3241;English
27576;3651;Pусский
27576;3428;한국어/조선말
2758;3241;English
27584;3241;English
2759;3241;English
27595;3241;English
27598;3683;svenska
276;3201;Deutsch
2760;3241;English
2761;3241;English
2761;3371;Italiano
27618;3241;English
2762;3241;English
27620;3241;English
27624;3329;हिन्दी
27631;3241;English
27636;3371;Italiano
2764;3518;Nederlands
27642;3241;English
27644;3241;English
27646;3241;English
27658;3241;English
2767;3276;Français
27671;3241;English
27674;3241;English
27679;3241;English
2768;3241;English
2768;3276;Français
2768;3201;Deutsch
2768;3683;svenska
2769;3241;English
2769;3276;Français
2769;3201;Deutsch
27699;3246;Español
277;3241;English
2770;3241;English
27703;3371;Italiano
27706;3371;Italiano
2771;3241;English
27711;3241;English
27716;3201;Deutsch
27717;3246;Español
27717;3241;English
27719;3241;English
27719;3276;Français
27721;3710;Türkçe
27726;3241;English
27735;3241;English
27740;3241;English
27742;3383;日本語
27759;3241;English
27764;3241;English
27769;3341;Magyar
27769;3241;English
2777;3428;한국어/조선말
27771;3241;English
2778;3241;English
27786;3241;English
2779;3241;English
2779;3580;Polski
27793;3241;English
27799;3383;日本語
278;3241;English
27805;3241;English
27815;3241;English
27824;3241;English
27827;3241;English
27834;3276;Français
27834;3241;English
27841;3241;English
27841;3201;Deutsch
27843;3383;日本語
27847;3241;English
27850;3241;English
27857;3241;English
27858;3241;English
2786;3276;Français
27862;3651;Pусский
27864;3241;English
27866;3241;English
2787;3241;English
27873;3241;English
27875;3383;日本語
2788;3241;English
27881;3201;Deutsch
27881;3241;English
27883;3241;English
27884;3241;English
2789;3241;English
27899;3241;English
279;3241;English
279;3201;Deutsch
279;3371;Italiano
279;3445;Latin
27904;3700;ภาษาไทย
27905;3241;English
27905;3371;Italiano
2791;3241;English
27919;3241;English
27922;3414;ქართული
27922;3651;Pусский
2798;3276;Français
28;3426;
28;3241;English
28;3276;Français
28;3763;Tiếng Việt
280;3241;English
280;3246;Español
2800;3241;English
2800;3246;Español
281;3241;English
2813;3276;Français
2817;3276;Français
2830;3241;English
2832;3241;English
284;3241;English
2841;3180;
2841;3276;Français
2841;3201;Deutsch
285;3241;English
286;3201;Deutsch
2860;3276;Français
2861;3276;Français
287;3241;English
287;3371;Italiano
288;3241;English
2882;3276;Français
2887;3241;English
