movie_id;collection_id;collection_name;poster_path;backdrop_path
100042;96665;Dumb and Dumber Collection;/fdB86tl7SKIBWZzm0CbrYjOdE1K.jpg;/saUnj5K6buVafDfLfTozDH2eqdC.jpg
100183;108804;Outpost Collection;/xiAWTgzyb1TxW8kN05qiVKNJFxb.jpg;/7glOZjnZWYYcr67pvz3mSIYIBOC.jpg
100450;19262;Trapped in the Closet;/flE2zDumOcyetdD6vwwSfYqRVA5.jpg;/lpGdI8XpvDSC6QvGEmQt3l28Nxn.jpg
101299;131635;The Hunger Games Collection;/ttbKy12hDjSHQcM7sCoeW1WsDlW.jpg;/zWiiLNg8yXv0he3tCH6XignPaYV.jpg
102899;422834;Ant-Man Collection;/lEdpEJWJdtVLgmpPkXSTd2xczmY.jpg;/2KjtWUBiksmN8LsUouaZnxocu5N.jpg
105;264;Back to the Future Collection;/UV8VEgAxgKVnCVnZhFACmhxjE4.jpg;/c9C9Pg2QctyjZHRmS0P8rZg1OTA.jpg
105073;105075;The Shadow Collection;/s3ymS1GDfSYmMKmIdCBMc0fbVni.jpg;/ntIfzZNGz2aHRumYM7P8vqLJv6W.jpg
1051;155474;French Connection Collection;/zheN2WhCSS1M8rkjObQGr0dZdvZ.jpg;/islbdTICsxPE1c3YEFzEc9Wb46p.jpg
106;399;Predator Collection;/6Z7lASptoiRVxiCFvZaFgH9qp7u.jpg;/fXVzk9OxQwROCuiWvd0Cv76qmZi.jpg
106747;210006;Machete Collection;/7kN9MY7htPG0sI598VJK2pB6zEs.jpg;/vURYjEnOd8if3juhZh6HRcTJs7T.jpg
107966;415931;The Bowery Boys;/q6sA4bzMT9cK7EEmXYwt7PNrL5h.jpg;/foe3kuiJmg5AklhtD3skWbaTMf2.jpg
108;131;Three Colors Collection;/rVdd23QuT5rHX7lZvuAkRRUkeCZ.jpg;/AeHExfHIl70SZCea907KfEoSkfJ.jpg
109;131;Three Colors Collection;/rVdd23QuT5rHX7lZvuAkRRUkeCZ.jpg;/AeHExfHIl70SZCea907KfEoSkfJ.jpg
1091;479888;The Thing Collection;/9O8LH1fyDNIR26UdtQK4NLGbvLI.jpg;/lUPruOqjDhZrCKz9Ze2tCufPxHR.jpg
109418;180546;Grown Ups Collection;/8m9PIgdP6Nj18P3thsyI70qs76s.jpg;/jKtFxygwI6qNoyR7LhPczWCbvTh.jpg
11;10;Star Wars Collection;/ghd5zOQnDaDW1mxO7R5fXXpZMu.jpg;/d8duYyyC9J5T825Hg7grmaabfxQ.jpg
110;131;Three Colors Collection;/rVdd23QuT5rHX7lZvuAkRRUkeCZ.jpg;/AeHExfHIl70SZCea907KfEoSkfJ.jpg
1103;115838;Escape From ... Collection;/8Zih8QGPJNXUuws0fIZmjxjs2Su.jpg;/c9mWaF2oeodriDLqYQr425sasxo.jpg
113209;175763;TekWar Collection;/tJLdyZ8PXQASGeAzjTEcnQ545sg.jpg;/lixAk6QqmGb0CYGUROt8vLx4DS0.jpg
115873;427397;The Angrez Collection;/aGTwpTqBiqRmL3TYVm7d0lsJFJG.jpg;/wj8MFAYnKz0k2LcERbpnxhL5cIK.jpg
116185;122489;Billa Collection;/sgFyCWGUkNnadObeVOf7Mg25ekY.jpg;/pRoqPDgwJ20uifXYvUcdZOSlf73.jpg
12;137697;Finding Nemo Collection;/xwggrEugjcJDuabIWvK2CpmK91z.jpg;/2hC8HHRUvwRljYKIcQDMyMbLlxz.jpg
120;119;The Lord of the Rings Collection;/p4UokEk2XnjjRTdXGe6DLYXlbI1.jpg;/bccR2CGTWVVSZAG0yqmy3DIvhTX.jpg
121;119;The Lord of the Rings Collection;/p4UokEk2XnjjRTdXGe6DLYXlbI1.jpg;/bccR2CGTWVVSZAG0yqmy3DIvhTX.jpg
122;119;The Lord of the Rings Collection;/p4UokEk2XnjjRTdXGe6DLYXlbI1.jpg;/bccR2CGTWVVSZAG0yqmy3DIvhTX.jpg
122857;10713;Universal Soldier Collection;/vz9ym8LnmyvEAm4ms9PH8JUmUuQ.jpg;/bonZuSo9YE7LFHEFE8oLD3qv32o.jpg
1246;1575;Rocky Collection;/mCY5dMkSSFQufGCViI6jNUU6pXq.jpg;/w4h6gjdWPvmu5R9H6zeGDPo1ZuV.jpg
1248;9743;The Hannibal Lecter Anthology;/aRbyr3KsdmIczGh6VrlvlgQdwMQ.jpg;/npCbvak9UhjPsZB9Oa2k2jsqI7E.jpg
1250;90306;Ghost Rider Collection;/bZBasloaMhjxCwH6tV0eziNMqut.jpg;/ee8zhn4VIXQh1J5t7efyybcvHLj.jpg
125271;435347;男はつらいよ シリーズ;/k4gM0LHFIqcrMui0E96UcFFjRmK.jpg;/rYzWYGF0uZ5jWGHsIoRoGUOdpoi.jpg
125509;52985;Wrong Turn Collection;/dtfQY5ZxvdHNG4HqNDy0ifwk1q6.jpg;/32IsLLCoj3mIkZbLfCKSXZVqd3k.jpg
125513;145553;Slayers - Movie Collection;/mib71HoIpeOMM6ujR6vRUYbc0lt.jpg;/6yu4IuMY7AYK6nnZ5SAIfBEBzuz.jpg
125521;145553;Slayers - Movie Collection;/mib71HoIpeOMM6ujR6vRUYbc0lt.jpg;/6yu4IuMY7AYK6nnZ5SAIfBEBzuz.jpg
1266;124881;Street Kings Collection;/r0c2hR2KQsZO3vdhFQdUsnSuUef.jpg;/lKOSWtpAQZh7x8YuyYFDv0Y6LWo.jpg
1268;103372;Mr. Bean Collection;/61Jcc1Gwc2KE7sIJ1HPqqdt67ji.jpg;/aIXcqHz5VKRLXHPsNo0dFoK7YP5.jpg
1269;68589;The Wixxer Trilogy;/3nYJt73H566hsYBeqvJzPkdaLeI.jpg;/iLj79iSoIG2ee1p0w04Q1aEWndL.jpg
1271;125570;300 Collection;/nKQqh6kJvPdpOJD24enD3Bm1Hy5.jpg;/mLLztGKyxSLoWjgRSpmm9W12VsU.jpg
127585;748;X-Men Collection;/1Zo4J5SAni8lyXt7NxJwJZ0f0ip.jpg;/Abnosho2v3bcdvDww6T7Hfeczm1.jpg
1281;103372;Mr. Bean Collection;/61Jcc1Gwc2KE7sIJ1HPqqdt67ji.jpg;/aIXcqHz5VKRLXHPsNo0dFoK7YP5.jpg
1283;2248;Torrente Collection;/crCyDVyXc4kVyO2a0Tk5fposzm8.jpg;/hm4yNDojfPUi34OKLEsHiweM0iT.jpg
1284;2248;Torrente Collection;/crCyDVyXc4kVyO2a0Tk5fposzm8.jpg;/hm4yNDojfPUi34OKLEsHiweM0iT.jpg
1285;2248;Torrente Collection;/crCyDVyXc4kVyO2a0Tk5fposzm8.jpg;/hm4yNDojfPUi34OKLEsHiweM0iT.jpg
129830;267551;Aniskin Collection;/jgCfGd7CY95sRIe7QZOzkzc59d0.jpg;/rFVLwRq0ayZBDFheXTu2acJY1bQ.jpg
131634;131635;The Hunger Games Collection;/ttbKy12hDjSHQcM7sCoeW1WsDlW.jpg;/zWiiLNg8yXv0he3tCH6XignPaYV.jpg
132344;123800;Before... Collection;/giaxAC74fht0LVQ4WKVoDzLM2Iy.jpg;/wtNugZq8ZzBYwPIh3VoNUJdkBWG.jpg
133121;133352;Resident Evil: Biohazard;/fICwXslWyYTEodNpnTlQUhOg7xl.jpg;/TSpFZFIgVX4I3Zsnlm3HAlDO14.jpg
133716;98180;Jungle Jim Collection;/vRrlzcvFTpjY8F35lyyDQVf3ZgL.jpg;/dQ8k7oEDvD9TgFagrsgTwXoWRHf.jpg
133879;24717;Johan Falk GSI Collection;/7ePcKBHb0GAYugtOlU9QhRVLzNb.jpg;/1k71fktd6XL4b5sk0YH9yA8TwMX.jpg
134366;135466;Grave Encounters Collection;/1vLfiFfyJp95vpPDUfH3kRMxn5G.jpg;/9gKwnJbPjY65EVb5oFlbmY4qF2p.jpg
134597;165369;The Collector Collection;/AhwErLgytU4ICqvvcIYbAM1xeeu.jpg;/4x4mtl1xgxIH5yxGr05L1WZeTjG.jpg
135659;24717;Johan Falk GSI Collection;/7ePcKBHb0GAYugtOlU9QhRVLzNb.jpg;/1k71fktd6XL4b5sk0YH9yA8TwMX.jpg
1359;86105;American Psycho Collection;/ko4O9lcRGYOZAF5Hh79Mfsgjpun.jpg;/5nrkaUQe4m3FLYJrFPGnkMGeQXD.jpg
1366;1575;Rocky Collection;/mCY5dMkSSFQufGCViI6jNUU6pXq.jpg;/w4h6gjdWPvmu5R9H6zeGDPo1ZuV.jpg
1367;1575;Rocky Collection;/mCY5dMkSSFQufGCViI6jNUU6pXq.jpg;/w4h6gjdWPvmu5R9H6zeGDPo1ZuV.jpg
1368;5039;Rambo Collection;/feGOEOVrOLyjtEnVa88rQLgD3XY.jpg;/Yt2ZxbJv2HM842B6FNMr59Vhyb.jpg
1369;5039;Rambo Collection;/feGOEOVrOLyjtEnVa88rQLgD3XY.jpg;/Yt2ZxbJv2HM842B6FNMr59Vhyb.jpg
1370;5039;Rambo Collection;/feGOEOVrOLyjtEnVa88rQLgD3XY.jpg;/Yt2ZxbJv2HM842B6FNMr59Vhyb.jpg
1371;1575;Rocky Collection;/mCY5dMkSSFQufGCViI6jNUU6pXq.jpg;/w4h6gjdWPvmu5R9H6zeGDPo1ZuV.jpg
1374;1575;Rocky Collection;/mCY5dMkSSFQufGCViI6jNUU6pXq.jpg;/w4h6gjdWPvmu5R9H6zeGDPo1ZuV.jpg
137409;404302;Cold War Collection;/kArJSoPLZWLkpezDWHZwaaDL4WX.jpg;/rXnsChrweFItmkA5wPtq4WQdUt6.jpg
1375;1575;Rocky Collection;/mCY5dMkSSFQufGCViI6jNUU6pXq.jpg;/w4h6gjdWPvmu5R9H6zeGDPo1ZuV.jpg
138;221539;Dracula (Universal Series);/srgkikGqQD32mhaq8wT6Qz2eLcD.jpg;/sdbStuQ5qEPZqqWUlNlBd0dPtBT.jpg
138118;24717;Johan Falk GSI Collection;/7ePcKBHb0GAYugtOlU9QhRVLzNb.jpg;/1k71fktd6XL4b5sk0YH9yA8TwMX.jpg
138372;436483;Bad Kids Collection;/fMcB1HfoEJHyMFvHXTBWVCHbEnZ.jpg;/9urudq4gLyuTN3b2aiWv9AtDv3k.jpg
140054;140059;We Were Here;/uipXyvDhHihePfBmIZgKSVzfweu.jpg;/jM0z7UrFjH6aJzN21SNkYvND5Re.jpg
140054;140059;We Were Here;/uipXyvDhHihePfBmIZgKSVzfweu.jpg;/jM0z7UrFjH6aJzN21SNkYvND5Re.jpg
1406;150156;City Slickers Collection;/1xHwbqIfBQvxNCkdJwQ5vxFwI5H.jpg;/qv2Bcy963o42k65v0km97G1ceZ4.jpg
141;178106;Darko Collection;/4Oj6ctBucsLvkbKsQMDaDXXR5cu.jpg;/hja7IzXp6how8eD1WHriI386TGY.jpg
141102;144200;Swan Princess Series;/3qBPAUFUMOOT9KqUEYXWAKy93Ge.jpg;/wxKt5KHvMYUSLHvyPf2xj64y3dJ.jpg
142308;469648;Santas Paw;/haRetxq46DdrwbHKA7GW3egfxrG.jpg;/i8jLwVVuYRgr8I9uOYnCPvzPUA4.jpg
1428;9649;Mexico Trilogy;/qmPhILSFQKaRyc81mVJWl05tHai.jpg;/6p1OzuIKWnTDfDea7IpB9xra5J.jpg
144288;118415;Berserk: Golden Age Arc;/vhgxnF9xEJZllqWs7iqD0yXpfL0.jpg;/iaElhxBtT6fTlaiUp7ZZDNOyqLf.jpg
144852;415931;The Bowery Boys;/q6sA4bzMT9cK7EEmXYwt7PNrL5h.jpg;/foe3kuiJmg5AklhtD3skWbaTMf2.jpg
145;498;Heart of Gold Collection;/cwrmUIVzOuR9FdqKBfERkMHdde0.jpg;/293UTX2btTkblOL7WZF1Q7veIJm.jpg
145220;256377;The Muppet Collection;/8Ew8EIdFFurMMYjSbWPu1Hl4vLX.jpg;/1AWd3MM90G47mxtD112gRDxSXY9.jpg
146216;163902;RED Collection;/d9T3DkXxDahif4eXPzrH28yayaL.jpg;/7OsWpRJowfXdZ610iKiBA7FzaD6.jpg
146301;41437;Paranormal Activity Collection;/lYXAMmm9XlYmj5Dr4O9diLQVCJS.jpg;/hZMiAPeINRH0M2X1PBEgn6YdULy.jpg
1483;476066;Begotten Collection;/eTmRdQWGkVbxO5YXvkvSf3BFbQ.jpg;/fKj5F5U26FVKx6Q3Wyd1XxVpu3r.jpg
1487;17235;Hellboy Collection;/81B1OdGY7f3TVN06eKra25vHzYk.jpg;/i6WF7cYiogl8g5ryZDbZBw8RNVN.jpg
1493;93220;Miss Congeniality Collection;/wgQWsSsvB1iu1Pwc4nUP9E5bRzs.jpg;/7TIT28YbhAOeQGD2q2hJ9j83jI1.jpg
150;93295;48 Hrs. Collection;/8Dlcb8aDch6sUcWBc8zSSfNbPgG.jpg;/hRaxX6WmtukiBvi8ru7RFVQiDYk.jpg
150010;284700;Ivan Brovkin Collection;/glEGLk03qadKtBZC1iUPgbpttCg.jpg;/vKaGWQBUbfW4LEdKUln9FcX6SRG.jpg
151933;473185;Dead in Tombstone Collection;/3TdTcCWDBNaekYDxkQyb0heDLaR.jpg;/yUGYwtE4KQ36MLOT2PD497op5T4.jpg
152912;152918;Mister Blot Collection;/44PYEwwjGts8pAob59RHd6zlkKc.jpg;/5uoPsNiFpUYNamSGqE8okN27VRK.jpg
1547;109076;Lost Boys Collection;/rpuL8zSLmVt34gwk03gSGReSjog.jpg;/qXpWa7kDopkOyEhuZtOLgIh4SW9.jpg
155;263;The Dark Knight Collection;/bqS2lMgGkuodIXtDILFWTSWDDpa.jpg;/xfKot7lqaiW4XpL5TtDlVBA9ei9.jpg
1555;239766;The Klapisch Trilogy;/woD0gFHbZgwi9RpLL0uSQ56hnJA.jpg;/p7g6oUYWhKS1TmLo4xBMnDNcsGh.jpg
1562;1565;28 Days/Weeks Later Collection;/4AeGz1Jwnq6ky2kfLT95Tm8nEiw.jpg;/bpn1vynevsKLwAMRikY1L6cb18p.jpg
156603;415931;The Bowery Boys;/q6sA4bzMT9cK7EEmXYwt7PNrL5h.jpg;/foe3kuiJmg5AklhtD3skWbaTMf2.jpg
1571;1570;Die Hard Collection;/dQP1lu4tBtCiAMeCRcuTFpJiM7y.jpg;/5kHVblr87FUScuab1PVSsK692IL.jpg
1572;1570;Die Hard Collection;/dQP1lu4tBtCiAMeCRcuTFpJiM7y.jpg;/5kHVblr87FUScuab1PVSsK692IL.jpg
1573;1570;Die Hard Collection;/dQP1lu4tBtCiAMeCRcuTFpJiM7y.jpg;/5kHVblr87FUScuab1PVSsK692IL.jpg
157350;283579;Divergent Collection;/nXuCj7NcsC2bPJlwD6t2l9ZTDnt.jpg;/uExS9jcaFBM1wJhkn1Q1P0MFpv6.jpg
1577;17255;Resident Evil Collection;/bqnMPsZr9vhjJIwLxc3XzHkYORM.jpg;/8utTJ9WoQeYcZ0Ztciv6auqwLXl.jpg
158015;256322;The Purge Collection;/nP3c8mTSxlis4vfg0UjlkK8LRG9.jpg;/quFWGOA4I5KCTsyDbvLh6PHNZwv.jpg
1583;478442;Lammbock Collection;/kEasQuxb1LYV7sOaaGl2NQ0iMLJ.jpg;/9BtQ6KC6QIT824WZaeMf5JZnXKB.jpg
1588;430186;Bring It On Collection;/iybFuFGBKPD8LXOgugjnA8sI6Bb.jpg;/ypR7RZO9hIAyd3lIx07gJ0AVvbB.jpg
159117;207621;V/H/S Collection;/esfk62fcqTWqB90dAHaVMbDWmbM.jpg;/wSdVm0uxEvYlwMxOAhipUUzey4w.jpg
1593;85943;Night at the Museum Collection;/q2nwE0Qi8U6tsU5HDmiWS2D3dSJ.jpg;/fOmqiIXfJmeANciOTCN6WkKbwK.jpg
159447;162782;Mommies Collection;/o567GZtOIOeXzRziRyF4gUZCWn7.jpg;/psFngVh40DpApbCEM4sE6svz65K.jpg
1597;51509;Meet the Parents Collection;/WFkinadVm4NRynRKuUcaLFNIDx.jpg;/7UWRq79VHc58QXTSn57UsOUKQLZ.jpg
16;498;Heart of Gold Collection;/cwrmUIVzOuR9FdqKBfERkMHdde0.jpg;/293UTX2btTkblOL7WZF1Q7veIJm.jpg
1615;1617;Erkan & Stefan Filmreihe;/CG2JugGacOCWNK3oC7AtZDn2Il.jpg;/6T80Y17D3uRyDkX74wjUns70Yfz.jpg
1616;1617;Erkan & Stefan Filmreihe;/CG2JugGacOCWNK3oC7AtZDn2Il.jpg;/6T80Y17D3uRyDkX74wjUns70Yfz.jpg
1620;390096;Hitman Collection;/3wYKmCgRmpHQsJAbfGM0axs3gos.jpg;/weBIyv0mOydPd0GYJl9iDR3RscM.jpg
162006;185627;Umizaru Collection;/ntg0TTEajCcqKbFUSFoUcFhmhyE.jpg;/jMCImUcLPU9EvlY4f9AAz6fLuXv.jpg
1639;43064;Speed Collection;/9poztwq7SXjEETRdWXcJsl58kxV.jpg;/75mSNcKIkfZSjXDgytC8UFe6vBl.jpg
1642;328073;Síť (kolekce);/k8HvmCUbKHBbTJoe7hJQapQd5Uy.jpg;/5j4HxayNgcAgGStNKqPxM0QNC7V.jpg
164753;245129;Pumping Iron Collection;/eqGCZfslyfzJgzBGG9BmJHEiLdN.jpg;/5hEdn0wwFH9r87ocRxaoUOGd1F3.jpg
165;264;Back to the Future Collection;/UV8VEgAxgKVnCVnZhFACmhxjE4.jpg;/c9C9Pg2QctyjZHRmS0P8rZg1OTA.jpg
1652;265709;00 Schneider Filmreihe;/20Ik4axObKdCQOhHE2Hj8E9f7oK.jpg;/mqmNfqecVb6M3hu3miKb3nUHYlZ.jpg
1654;124492;The Dirty Dozen Collection;/xCLD1Pul4d6iJJdFf3el7PfMpLc.jpg;/z5Wj3wkksrRjyjhZ2flr00gSjTR.jpg
1656;1657;Zorro Collection;/ziQDmVR3VE0hC0GDWgaQwz0H3Ff.jpg;/wZCWCe4jPJz04dvVGLQ8TtOq9Js.jpg
166;41649;The Party Collection;/5iNzKbwx1A98RzHKfVlAW6dBFgl.jpg;/ei81wJg1P8OwRyhQkXWqmNJ1Y9F.jpg
166747;224026;Monster High Collection;/z230ua2CDBkPAQCOUmENphU9Hm9.jpg;/kDsPcm1Qx5zjPNAZ80dBSHdTowH.jpg
1669;192492;The Jack Ryan Collection;/uCuiExsQDyJagov5aVAyw38YEm.jpg;/qYlcVBifq5T4wyWV00a5Awq0kUi.jpg
166904;415931;The Bowery Boys;/q6sA4bzMT9cK7EEmXYwt7PNrL5h.jpg;/foe3kuiJmg5AklhtD3skWbaTMf2.jpg
167666;224026;Monster High Collection;/z230ua2CDBkPAQCOUmENphU9Hm9.jpg;/kDsPcm1Qx5zjPNAZ80dBSHdTowH.jpg
1678;374509;Godzilla (Showa) Collection;/scvwS6k8gIW8w24UcmePQqVL10l.jpg;/dx9YSup5zEOjxYwG4UkYBVAZIXo.jpg
1679;374509;Godzilla (Showa) Collection;/scvwS6k8gIW8w24UcmePQqVL10l.jpg;/dx9YSup5zEOjxYwG4UkYBVAZIXo.jpg
1680;374509;Godzilla (Showa) Collection;/scvwS6k8gIW8w24UcmePQqVL10l.jpg;/dx9YSup5zEOjxYwG4UkYBVAZIXo.jpg
168056;245326;The Fjällbacka Murders;/q2ldSCwmdEUpfW4y4HuLpIhauV3.jpg;/hGhTAKFSQfoT4kdpj031SDWdN6k.jpg
1682;374509;Godzilla (Showa) Collection;/scvwS6k8gIW8w24UcmePQqVL10l.jpg;/dx9YSup5zEOjxYwG4UkYBVAZIXo.jpg
168530;376650;Ride Along Collection;/7bjrke8mdxWG3PnFgvipbEOhc0Q.jpg;/3ZX5hvXjMxWJ5joyJxmWJT5nZDo.jpg
169;399;Predator Collection;/6Z7lASptoiRVxiCFvZaFgH9qp7u.jpg;/fXVzk9OxQwROCuiWvd0Cv76qmZi.jpg
1690;86578;Hostel Collection;/2jLQFRlH8CC9cptcANY5cEtC1q8.jpg;/rXf4gEh8m3ZcK9KHkxT78Kscxee.jpg
1694;98036;Re-Animator Collection;/j1v4JQUVwCDH2KKJGjFeShXp2JT.jpg;/keGIwkLEaN2iBUPnXvqGbbNOVbq.jpg
170;1565;28 Days/Weeks Later Collection;/4AeGz1Jwnq6ky2kfLT95Tm8nEiw.jpg;/bpn1vynevsKLwAMRikY1L6cb18p.jpg
171;41649;The Party Collection;/5iNzKbwx1A98RzHKfVlAW6dBFgl.jpg;/ei81wJg1P8OwRyhQkXWqmNJ1Y9F.jpg
1726;131292;Iron Man Collection;/fbeJ7f0aD4A112Bc1tnpzyn82xO.jpg;/rI8zOWkRQJdlAyQ6WJOSlYK6JxZ.jpg
1734;1733;The Mummy Collection;/4UMn5KmXopgpkC862Ms3t5j1sXl.jpg;/1BeKi6IytbfQlQocJSvP2k6sO1a.jpg
1735;1733;The Mummy Collection;/4UMn5KmXopgpkC862Ms3t5j1sXl.jpg;/1BeKi6IytbfQlQocJSvP2k6sO1a.jpg
173897;17255;Resident Evil Collection;/bqnMPsZr9vhjJIwLxc3XzHkYORM.jpg;/8utTJ9WoQeYcZ0Ztciv6auqwLXl.jpg
174195;415931;The Bowery Boys;/q6sA4bzMT9cK7EEmXYwt7PNrL5h.jpg;/foe3kuiJmg5AklhtD3skWbaTMf2.jpg
176;656;Saw Collection;/xmC2A7qPEfiOkQC58fZh8srWQ5v.jpg;/oLfS1lOmN2KIU2IQ200SDEPVEZe.jpg
1771;131295;Captain America Collection;/2tOgiY533JSFp7OrVlkeRJvsZpI.jpg;/nZSYqitBkAvmoq5IrsGsSWuhSC8.jpg
1811;259398;Teenage Apocalypse Trilogy;/kSLUbpxgcHErkaUc0nB193Nph6Y.jpg;/3pzDZR85GPgdC6b4HwHqzqeEDfB.jpg
1826;239766;The Klapisch Trilogy;/woD0gFHbZgwi9RpLL0uSQ56hnJA.jpg;/p7g6oUYWhKS1TmLo4xBMnDNcsGh.jpg
1845;138908;2 Days In... Collection;/ffwnytEmZsWSZmb8BH7BblRVBfR.jpg;/gzj0bdcB3zZ6u5JSfFBd2TRCcAz.jpg
1858;8650;Transformers Collection;/vOUPHWV8aGXq4yYQ2csje5LdT6g.jpg;/zvZBNNDWd5LcsIBpDhJyCB2MDT7.jpg
187;135179;Sin City Collection;/aGgHxGVmjssn7lw1ZucY5U2gI8K.jpg;/qs200GlvLNIQKUns6AIeLcJWtPT.jpg
1870;103001;Fantomas Collection;/xxE1cXieDAUa8XtarhS9JCCyvBt.jpg;/3WpCsnVPmlvVVTeMxDTQT4XGtog.jpg
1871;103001;Fantomas Collection;/xxE1cXieDAUa8XtarhS9JCCyvBt.jpg;/3WpCsnVPmlvVVTeMxDTQT4XGtog.jpg
1875;103001;Fantomas Collection;/xxE1cXieDAUa8XtarhS9JCCyvBt.jpg;/3WpCsnVPmlvVVTeMxDTQT4XGtog.jpg
1885;8580;The Karate Kid Collection;/o6h2F0C5eZOy50Q76fNYzc9mvvw.jpg;/1ok5JGCsDt4Sh3CkFeXh2F2KB7F.jpg
189;135179;Sin City Collection;/aGgHxGVmjssn7lw1ZucY5U2gI8K.jpg;/qs200GlvLNIQKUns6AIeLcJWtPT.jpg
1891;10;Star Wars Collection;/ghd5zOQnDaDW1mxO7R5fXXpZMu.jpg;/d8duYyyC9J5T825Hg7grmaabfxQ.jpg
1892;10;Star Wars Collection;/ghd5zOQnDaDW1mxO7R5fXXpZMu.jpg;/d8duYyyC9J5T825Hg7grmaabfxQ.jpg
1893;10;Star Wars Collection;/ghd5zOQnDaDW1mxO7R5fXXpZMu.jpg;/d8duYyyC9J5T825Hg7grmaabfxQ.jpg
1894;10;Star Wars Collection;/ghd5zOQnDaDW1mxO7R5fXXpZMu.jpg;/d8duYyyC9J5T825Hg7grmaabfxQ.jpg
1895;10;Star Wars Collection;/ghd5zOQnDaDW1mxO7R5fXXpZMu.jpg;/d8duYyyC9J5T825Hg7grmaabfxQ.jpg
1924;8537;Superman Collection;/fgTdu62v1jjNDPh68V9TJZMgXbo.jpg;/la0EhOrgVAiY8sf3ILz3wgoaNXH.jpg
1948;64751;Crank Collection;/wmUzRqcAi0KOW7sqnaAvEQtM8l.jpg;/cziWkSXQG3Vul0l3Mu2sOXLS1dC.jpg
196;264;Back to the Future Collection;/UV8VEgAxgKVnCVnZhFACmhxjE4.jpg;/c9C9Pg2QctyjZHRmS0P8rZg1OTA.jpg
1970;1974;The Grudge Collection;/dohOSIYDEK42stdfKo0pQfrve0h.jpg;/nRfDTqIuaVLu2aB0qFuSmw8btp0.jpg
1975;1974;The Grudge Collection;/dohOSIYDEK42stdfKo0pQfrve0h.jpg;/nRfDTqIuaVLu2aB0qFuSmw8btp0.jpg
1977;1974;The Grudge Collection;/dohOSIYDEK42stdfKo0pQfrve0h.jpg;/nRfDTqIuaVLu2aB0qFuSmw8btp0.jpg
1979;9744;Fantastic Four Collection;/prObnUSCHIBC8ZjkGo2KHgjkWOo.jpg;/3JFe9AWoKuQWox7HO8HKgYRMOF7.jpg
1991;339577;Grindhouse Collection;/sWUxopG2KTIn4ve8v0SlbAzLGaz.jpg;/f6CqIpHJLCqmd4VgytKymKl0JEF.jpg
1992;339577;Grindhouse Collection;/sWUxopG2KTIn4ve8v0SlbAzLGaz.jpg;/f6CqIpHJLCqmd4VgytKymKl0JEF.jpg
1995;2467;Tomb Raider Collection;/sgaP4WtVlKzz8FIcjbkevOycJiq.jpg;/plM0vErSrAwT3tJldstB9bv2AyN.jpg
1996;2467;Tomb Raider Collection;/sgaP4WtVlKzz8FIcjbkevOycJiq.jpg;/plM0vErSrAwT3tJldstB9bv2AyN.jpg
2005;103573;Sister Act Collection;/m9xbNgB8MrrGOCvc4vjOtSWdqh9.jpg;/5zLMzYgpx2TNmISTk1MnRyRWY9M.jpg
2019;412680;Hard Target Collection;/g7Bc4ik16xOBz21BQOcsxrBL8BO.jpg;/wcBIwQY888HX1QWpnv43lAujoId.jpg
2043;142680;Alex Cross Collection;/64mlnEVoq1I0BZe4iDdAv89qO9Z.jpg;/eyKpawn8yMq6kdv03wgKruMuSJX.jpg
2059;52984;National Treasure Collection;/z5EIRaI8XS0brelYwDFEVlxcpzM.jpg;/a0GLVfaDSf5GNZKK5H4FgGCD2VW.jpg
2061;203910;Pusher Collection;/9pM6Rr8WsVqAzTxYswPTNoICNno.jpg;/aNQuRUYTz8CT9HxlNLj4oJ9ctut.jpg
2080;453993;The Wolverine Collection;/8Ht4a5A5Ypxh0PjbVoRTzm1kAu3.jpg;/QtSxEuCwcZSfCTMZfER3nHDVsG.jpg
21;252313;The Endless Summer Collection;/zhG3P4ALlXxoFi0CGfcVsR3qmDL.jpg;/rbeqwDmy0yPMxBqA2ELvu08okcn.jpg
2105;2806;American Pie Collection;/twY1eM88fu8CCGVtem5ItlrgeDA.jpg;/3ptXtaqzAZlMXn3nZxaYke4anmK.jpg
2109;90863;Rush Hour Collection;/pTjvzlYByJuZ4TTkmlHIe4aDFy2.jpg;/uoDt3eCCKpcxSQVWjPTgN8T0gjm.jpg
2114;140760;Final Fantasy Collection;/x6HZaopJw26YnjBZjo06sWmPEPM.jpg;/gj6XQf5cM66XHMTonCgsOE0VphX.jpg
214;656;Saw Collection;/xmC2A7qPEfiOkQC58fZh8srWQ5v.jpg;/oLfS1lOmN2KIU2IQ200SDEPVEZe.jpg
215;656;Saw Collection;/xmC2A7qPEfiOkQC58fZh8srWQ5v.jpg;/oLfS1lOmN2KIU2IQ200SDEPVEZe.jpg
217;84;Indiana Jones Collection;/lpxDrACKJhbbGOlwVMNz5YCj6SI.jpg;/6kh59mZizZsttZPR0HAdXk6Ve2n.jpg
218;528;The Terminator Collection;/vxiKtcxAJxHhlg2H1X8y7zcM3k6.jpg;/cpmbkwSxZnKO69V82A9a34tvk2E.jpg
2262;295862;The BRD Collection;/qt4G5QokDPGoFOBEXPcGMOT4jCA.jpg;/o9VIqBuR53WkpwwGvxZunFbcVAn.jpg
2264;295862;The BRD Collection;/qt4G5QokDPGoFOBEXPcGMOT4jCA.jpg;/o9VIqBuR53WkpwwGvxZunFbcVAn.jpg
2269;3106;World of Watches Collection;/5k6kkMpPCDqelJ2X1RABHCbstE6.jpg;/nYLhKt0AdNr9IYT2K7p0U3HDY8k.jpg
2292;182813;Clerks Collection;/qEjGvJ9I2ak6ENjdJ23dfjqLkAK.jpg;/6Fjkbh2DVAvVZa3c1HamblAN5Bg.jpg
2295;182813;Clerks Collection;/qEjGvJ9I2ak6ENjdJ23dfjqLkAK.jpg;/6Fjkbh2DVAvVZa3c1HamblAN5Bg.jpg
2330;211721;Taxi Collection;/nCzy28TbMJDJLxuaPgQZrLgmuT7.jpg;/74R8bq4RDuxK3F0VPGlse4YH3Ab.jpg
2331;2704;The Bible Collection;/neB5ufQZdq0NxLBJYkgQRhIQfdE.jpg;/21bK2Eg8kEMu9OsQvP4MoofBXSF.jpg
2332;211721;Taxi Collection;/nCzy28TbMJDJLxuaPgQZrLgmuT7.jpg;/74R8bq4RDuxK3F0VPGlse4YH3Ab.jpg
2334;211721;Taxi Collection;/nCzy28TbMJDJLxuaPgQZrLgmuT7.jpg;/74R8bq4RDuxK3F0VPGlse4YH3Ab.jpg
2335;211721;Taxi Collection;/nCzy28TbMJDJLxuaPgQZrLgmuT7.jpg;/74R8bq4RDuxK3F0VPGlse4YH3Ab.jpg
2362;166698;Westworld Collection;/pYL3YYNMwGz18dylTxRM8Ffai4e.jpg;/3yzaSCXO8cT7Q1tgCsmf8ypSxRI.jpg
238;230;The Godfather Collection;/7SJVjEDoo7xH62TS8stkqRk4Byo.jpg;/3WZTxpgscsmoUk81TuECXdFOD0R.jpg
2395;2396;Asterix and Obelix Collection;/f6C6tDEU3aJndJokSLvYLuwVt0k.jpg;/vm0i4KIscrTiUsri21z1SOIG4fo.jpg
24;2883;Kill Bill Collection;/tf1nUtw3LJGUGv1EFFi23iz6ngr.jpg;/oCLKNACMNrEf4T1EP6BpMXDl5m1.jpg
240;230;The Godfather Collection;/7SJVjEDoo7xH62TS8stkqRk4Byo.jpg;/3WZTxpgscsmoUk81TuECXdFOD0R.jpg
242;230;The Godfather Collection;/7SJVjEDoo7xH62TS8stkqRk4Byo.jpg;/3WZTxpgscsmoUk81TuECXdFOD0R.jpg
25;285564;Jarhead Collection;/aRFpBjCseFD6UmahAuLdqS7Or5q.jpg;/ifSnip5tvaHvxLPAyjkiihE6T2I.jpg
2501;31562;The Bourne Collection;/lTfOZ25PhQkmGb5NHmaFnwB7b13.jpg;/vA5xMglyZv7yzDTj1qUTU4OvelV.jpg
2502;31562;The Bourne Collection;/lTfOZ25PhQkmGb5NHmaFnwB7b13.jpg;/vA5xMglyZv7yzDTj1qUTU4OvelV.jpg
2503;31562;The Bourne Collection;/lTfOZ25PhQkmGb5NHmaFnwB7b13.jpg;/vA5xMglyZv7yzDTj1qUTU4OvelV.jpg
253;645;James Bond Collection;/HORpg5CSkmeQlAolx3bKMrKgfi.jpg;/6VcVl48kNKvdXOZfJPdarlUGOsk.jpg
25741;141615;Niko - Coleccion;/z4pHMEQlUBqwuYEjlkozzsZ8EyC.jpg;/vBxogSO7WrbRfLJg9V1YkXRrxCR.jpg
25745;251383;The Gamers Collection;/6fddPG42kCQ7GVFuKZbT0RCGB7V.jpg;/ub73vqZ3O4NmkViOcLapTWef882.jpg
25778;25542;An American Girl Collection;/5JpcRXXuFSgYUgtSKvcdQE9LaMS.jpg;/1jt2T8oHR1NlzXr7TmSp0Ly9m9D.jpg
25786;25542;An American Girl Collection;/5JpcRXXuFSgYUgtSKvcdQE9LaMS.jpg;/1jt2T8oHR1NlzXr7TmSp0Ly9m9D.jpg
25843;201689;Karas The Collection;/g8jDUW4hiuwZTmRlJ2a6GYzYUSt.jpg;/vi79DZQm7FBNMTImNN0o0OjntH4.jpg
25913;117693;Balto Collection;/w0ZgH6Lgxt2bQYnf1ss74UvYftm.jpg;/9VM5LiJV0bGb1st1KyHA3cVnO2G.jpg
25936;122776;Kvartet I Collection;/rleIVHx2kG8lYfHUsBh3CkD4Jnc.jpg;/c7SHTYbGPb3DzO484z0aYFx5u0q.jpg
25961;34055;Pokémon Collection;/j5te0YNZAMXDBnsqTUDKIBEt8iu.jpg;/iGoYKA0TFfgSoZpG2u5viTJMGfK.jpg
26042;87536;Warlock Collection;/wkwtv5NMpBfo1eGjZpNJEQ2cZH0.jpg;/im5iJHo8UwswhKHlcADqUO3sZtA.jpg
26044;170754;Arthur Collection;/bdRCMpvyTX1zPR28GHcFjjA3LHt.jpg;/c0XFWONQ39hfOCJIg3FUuRoGgH0.jpg
2605;86347;Short Circuit Collection;/AZFGrT6LotCm69uNgVnTkUYBGh.jpg;/o3C0qlKyg7Haot9ZVqtRtsrKwWc.jpg
2619;248126;Splash Collection;/tI0RB8ezHm7NMRuLfWIh4mWuGXY.jpg;/9uSHQAAUYFt6WSL2sz9zgvnXnvk.jpg
26235;251383;The Gamers Collection;/6fddPG42kCQ7GVFuKZbT0RCGB7V.jpg;/ub73vqZ3O4NmkViOcLapTWef882.jpg
26263;14377;Death Wish Collection;/3mC5lppASzZHx5IlmFSL6cPQpCP.jpg;/m3K7AXN8Wi6VIRtVlpF1E6nzEn1.jpg
26285;41658;Fantozzi Collection;/m5pURXwh5fVdOG1vXvbKdJeW2hn.jpg;/h2L6fnTYieCrNscxbtjGG31lBRm.jpg
26340;126166;The Delta Force Collection;/xt10SGPh35qrXrpWikFlVNRNZ7i.jpg;/coqZkrXTcqtDBcaQRpCGwcGsh6Y.jpg
26386;330555;Ernest Collection;/m8CTuM76DbvFvpCHBepso5Bu7nw.jpg;/vTlcbHNWrAf77AZFDZ9yCjHm8ag.jpg
26398;211753;Caprona Collection;/ltMYLLICwtORAdnXKGex213amhJ.jpg;/rmvHqa6mkZZsAJuaeU1R1Q7hKG9.jpg
2648;2643;Aces Go Places Collection;/63vfOuKjRtGngcddEoZHzpqmKRK.jpg;/d7DAqeTxESYrBQrZwAD4gx5K8yT.jpg
26480;123724;Dracula (Hammer Series);/n5SozLvdQZ7cYJb22ZIwNw1DzSg.jpg;/hybYYwBqaomfePU3uaiJfpg7ykC.jpg
26539;363015;Frosty the Snowman Collection;/p4W9r7FaSs21P9I6PRjrl6qXrXY.jpg;/9C08pJcp2gBlHrjb8ArYNG18xX4.jpg
2665;91663;Airplane Collection;/u8IXYbpoRcKMlnhUvND0NB8HsAM.jpg;/w7bNIqVMZaaWf1LnMIZ1HywXbP8.jpg
2667;64750;Blair Witch Collection;/qDQuKJZYLHrs1Ej64tYYFooFxc1.jpg;/e5GwLq0zBer3SuSJZodcNROnT6Z.jpg
26693;1972;Ju-on Collection;/zL5ycG7koIH4f8J5ueevz8xaGif.jpg;/l3wedBkwOFc4nZpusp6fnUvJdeh.jpg
2671;93369;Ringu Collection;/eQX9SK5WPdsKWRGLfga4w9KuskV.jpg;/aS42DTtR6UYNLfKdKJBKYL1OS1U.jpg
26743;100415;Thumbs! Collection;/bePfCJRbxUYU37L4ovpQ80dVVZM.jpg;/94mtvEkxIXYFLcJwFATbx0cbAFs.jpg
26769;376970;Cocaine Cowboys;/ysCY4Q91US7zEr78raJBc27KPxF.jpg;/3vT6FzqHeT7onqUAMjKk7FqARRD.jpg
268;120794;Batman Collection;/adQxUvQW8HXNsvMG5aj71pHh9T.jpg;/9SpZvXLZDGGtFqVDByGqSGI64Kw.jpg
26809;93788;Prep & Landing Collection;/zRTaRvG5JZW2ysuGxYRH37WSLHK.jpg;/kmsH4aq0lwgryQBoCfXZzyp6z4O.jpg
26945;141252;Cardcaptor Sakura Collection;/9A70mDbkWR6GGqik79D5tcqxvq.jpg;/ltwKqELc08gO4EU6umCXEoYdFjJ.jpg
26947;161766;Gamera Films;/oqZJgOoXjUcS9alAkzYzq9sCIfG.jpg;/8vNDD5NXSHhMEVJO4ItELGkZPNp.jpg
26954;107949;Puppet Master Collection;/wuLaEcy10wqgiVi4nCjdPXvcCyw.jpg;/crDZjaOpoUCIOoiQ9nLIAt8ZBul.jpg
26958;107949;Puppet Master Collection;/wuLaEcy10wqgiVi4nCjdPXvcCyw.jpg;/crDZjaOpoUCIOoiQ9nLIAt8ZBul.jpg
2698;124949;Almighty Collection;/Abh0z1zf7yYoH8sGLvMIvdNG6gA.jpg;/qKuR7BpBLTcISNWgxKQmXnYYJFX.jpg
2701;2704;The Bible Collection;/neB5ufQZdq0NxLBJYkgQRhIQfdE.jpg;/21bK2Eg8kEMu9OsQvP4MoofBXSF.jpg
272;263;The Dark Knight Collection;/bqS2lMgGkuodIXtDILFWTSWDDpa.jpg;/xfKot7lqaiW4XpL5TtDlVBA9ei9.jpg
2722;330892;Sides of the Bed;/vEFselfDCfcx0NMUcHMI6nJlZo6.jpg;/nTTRmNXdKxlZYEbjjgbpSUcGIDX.jpg
27310;166373;The Marine Collection;/7sPY1VK4yD5Zlv16DUei65rtrjn.jpg;/rpUficLJq3I7GvRafTVT1TVRsms.jpg
2734;2704;The Bible Collection;/neB5ufQZdq0NxLBJYkgQRhIQfdE.jpg;/21bK2Eg8kEMu9OsQvP4MoofBXSF.jpg
274;9743;The Hannibal Lecter Anthology;/aRbyr3KsdmIczGh6VrlvlgQdwMQ.jpg;/npCbvak9UhjPsZB9Oa2k2jsqI7E.jpg
27472;221966;The Odd Couple Collection;/iSRzUpJBro5vgskqVlCNOvXNxjh.jpg;/kY2nJgcvBgjLuAJxygbXYv1el2h.jpg
27549;106000;Beastmaster Collection;/h2WbsEqvWpe3KvT2ArxS1ARSRDl.jpg;/AeXUmULuf1GFw2YyVbwpxTsTXH.jpg
2758;11716;Addams Family Collection;/iqAjYCir8x2fc8eeQ2k4qZqOMP1.jpg;/gS5yZLrSJ6uNbsz17xoxf70X2Ws.jpg
277;2326;Underworld Collection;/aK8qq0X0pZbf5ncE3JLQ27hdC4F.jpg;/2gSaXagD9ZCuBHOsXF4tvtW7Djd.jpg
2770;2806;American Pie Collection;/twY1eM88fu8CCGVtem5ItlrgeDA.jpg;/3ptXtaqzAZlMXn3nZxaYke4anmK.jpg
27815;104716;Basket Case Collection;/6DdpgHlruy4h6tfpwctFUw0inVj.jpg;/1R3D39kne1LX2TYcsQ7kly8D9Zb.jpg
27816;104716;Basket Case Collection;/6DdpgHlruy4h6tfpwctFUw0inVj.jpg;/1R3D39kne1LX2TYcsQ7kly8D9Zb.jpg
27847;10713;Universal Soldier Collection;/vz9ym8LnmyvEAm4ms9PH8JUmUuQ.jpg;/bonZuSo9YE7LFHEFE8oLD3qv32o.jpg
27850;87252;Halloweentown Collection;/gqorFeRQWKW4g68vzLbcvUScrgp.jpg;/aN0TyA2JAvLPWC0tAKbCECPJpTb.jpg
280;528;The Terminator Collection;/vxiKtcxAJxHhlg2H1X8y7zcM3k6.jpg;/cpmbkwSxZnKO69V82A9a34tvk2E.jpg
