movie_id;country_id;country_name
100;2267;United Kingdom
100010;2718;United States of America
100017;2177;Germany
100032;2718;United States of America
100042;2718;United States of America
100089;2718;United States of America
100167;2267;United Kingdom
100167;2718;United States of America
100183;2267;United Kingdom
100205;2718;United States of America
100246;2718;United States of America
100257;2267;United Kingdom
100270;2222;Spain
100272;2267;United Kingdom
100275;2142;Canada
100275;2183;Denmark
100490;2718;United States of America
100529;2718;United States of America
100540;2718;United States of America
100830;2252;France
101;2252;France
101;2718;United States of America
101176;2347;Italy
101176;2718;United States of America
101226;2718;United States of America
101281;2718;United States of America
101289;2718;United States of America
101299;2718;United States of America
101307;2718;United States of America
101352;2252;France
101352;2345;Iran
101362;2556;Poland
101444;2347;Italy
101538;2718;United States of America
101653;2718;United States of America
1018;2252;France
1018;2718;United States of America
101801;2167;Czech Republic
101887;2718;United States of America
101904;2252;France
101908;2155;China
102;2183;Denmark
102051;2718;United States of America
102051;2718;United States of America
102078;2718;United States of America
102165;2718;United States of America
102197;2627;Russia
102242;2718;United States of America
102292;2252;France
1023;2183;Denmark
1023;2177;Germany
102305;2718;United States of America
1024;2508;New Zealand
102419;2267;United Kingdom
102461;2252;France
102526;2718;United States of America
102533;2115;Belgium
102533;2346;Iceland
102533;2252;France
102541;2718;United States of America
102841;2718;United States of America
102870;2283;Greece
102870;2177;Germany
102899;2718;United States of America
102949;2347;Italy
102949;2222;Spain
102961;2718;United States of America
103;2718;United States of America
103048;2341;India
103066;2374;Japan
103203;2198;Algeria
103203;2651;Senegal
103203;2682;Tunisia
103210;2718;United States of America
103243;2341;India
103269;2718;United States of America
103299;2718;United States of America
103301;2627;Russia
103328;2252;France
103370;2718;United States of America
103413;2267;United Kingdom
103413;2718;United States of America
103502;2142;Canada
103528;2718;United States of America
103539;2415;Kazakhstan
103590;2270;Georgia
103635;2718;United States of America
103663;2183;Denmark
103663;2642;Sweden
103731;2718;United States of America
103745;2243;Finland
103747;2115;Belgium
103747;2252;France
103747;2347;Italy
103747;2267;United Kingdom
103753;2407;South Korea
103875;2252;France
103875;2155;China
1039;2099;Austria
103972;2183;Denmark
103972;2642;Sweden
104;2177;Germany
1040;2347;Italy
1040;2252;France
104041;2267;United Kingdom
104041;2718;United States of America
104041;2267;United Kingdom
104041;2718;United States of America
104043;2718;United States of America
104103;2252;France
104155;2718;United States of America
104211;2718;United States of America
104239;2252;France
104274;2252;France
104274;2347;Italy
104285;2475;Mexico
104301;2718;United States of America
104343;2374;Japan
104354;2347;Italy
104354;2252;France
104374;2374;Japan
104376;2252;France
104376;2627;Russia
104376;2177;Germany
104431;2097;Argentina
104462;2252;France
104480;2252;France
104524;2374;Japan
104606;2307;Hong Kong
104638;2222;Spain
104776;2374;Japan
1049;2252;France
1049;2718;United States of America
104954;2347;Italy
104973;2222;Spain
104973;2347;Italy
104973;2252;France
105;2718;United States of America
1050;2155;China
105073;2718;United States of America
105077;2718;United States of America
105079;2347;Italy
105079;2252;France
105079;2222;Spain
1051;2718;United States of America
105130;2374;Japan
105133;2374;Japan
105157;2718;United States of America
105184;2177;Germany
1052;2267;United Kingdom
1052;2718;United States of America
1052;2347;Italy
105246;2718;United States of America
105254;2642;Sweden
105254;2718;United States of America
105299;2142;Canada
105304;2252;France
105325;2718;United States of America
105347;2128;Brazil
105404;2718;United States of America
105406;2718;United States of America
105470;2374;Japan
105506;2341;India
105509;2347;Italy
105526;2718;United States of America
105531;2718;United States of America
105538;2718;United States of America
105583;2718;United States of America
105703;2691;Taiwan
105759;2267;United Kingdom
1058;2718;United States of America
105829;2415;Kazakhstan
105833;2374;Japan
105869;2718;United States of America
105884;2347;Italy
1059;2374;Japan
105945;2718;United States of America
105972;2718;United States of America
105978;2718;United States of America
105980;2718;United States of America
106;2718;United States of America
106017;2267;United Kingdom
106113;2718;United States of America
106134;2718;United States of America
106136;2718;United States of America
106224;2347;Italy
106230;2676;Thailand
106254;2658;Soviet Union
106326;2718;United States of America
106344;2718;United States of America
106355;2718;United States of America
106417;2374;Japan
106495;2718;United States of America
106495;2718;United States of America
106515;2718;United States of America
106538;2252;France
106599;2718;United States of America
106646;2718;United States of America
106682;2267;United Kingdom
106729;2718;United States of America
106747;2718;United States of America
106824;2718;United States of America
106887;2549;Peru
106922;2252;France
106922;2347;Italy
106922;2267;United Kingdom
106970;2347;Italy
107;2267;United Kingdom
107;2718;United States of America
107028;2267;United Kingdom
107039;2452;Morocco
107052;2347;Italy
107096;2718;United States of America
107100;2718;United States of America
107246;2718;United States of America
107248;2307;Hong Kong
1073;2718;United States of America
107352;2718;United States of America
107357;2718;United States of America
107406;2347;Italy
107426;2153;Chile
107430;2718;United States of America
107445;2177;Germany
107445;2627;Russia
107499;2718;United States of America
107569;2718;United States of America
107625;2718;United States of America
107682;2307;Hong Kong
107743;2718;United States of America
107767;2252;France
107846;2718;United States of America
107916;2222;Spain
107928;2347;Italy
107966;2718;United States of America
107976;2374;Japan
107976;2407;South Korea
107978;2642;Sweden
107999;2718;United States of America
108;2252;France
108;2556;Poland
108003;2267;United Kingdom
108010;2718;United States of America
108048;2252;France
108063;2314;Croatia
108200;2718;United States of America
108209;2718;United States of America
108220;2718;United States of America
108241;2142;Canada
108267;2718;United States of America
108282;2718;United States of America
108512;2374;Japan
108564;2718;United States of America
108564;2267;United Kingdom
108639;2252;France
108639;2115;Belgium
1088;2508;New Zealand
108852;2718;United States of America
1089;2718;United States of America
108930;2718;United States of America
108949;2552;Philippines
109;2252;France
109;2556;Poland
1090;2718;United States of America
109008;2718;United States of America
109074;2718;United States of America
1091;2718;United States of America
109102;2718;United States of America
109161;2718;United States of America
1092;2267;United Kingdom
109235;2718;United States of America
109251;2718;United States of America
1093;2252;France
109323;2718;United States of America
109379;2117;Bulgaria
109416;2718;United States of America
109416;2252;France
109418;2718;United States of America
109425;2718;United States of America
109441;2718;United States of America
109455;2347;Italy
109455;2099;Austria
109463;2177;Germany
109481;2718;United States of America
109520;2718;United States of America
109565;2718;United States of America
109565;2347;Italy
109600;2718;United States of America
109667;2718;United States of America
109669;2718;United States of America
109671;2686;Turkey
109835;2341;India
109841;2718;United States of America
109843;2267;United Kingdom
109881;2718;United States of America
109887;2718;United States of America
109891;2718;United States of America
109912;2142;Canada
109991;2627;Russia
11;2718;United States of America
110;2252;France
110;2556;Poland
110;2149;Switzerland
110001;2222;Spain
110130;2718;United States of America
110253;2718;United States of America
1103;2718;United States of America
110390;2642;Sweden
110390;2252;France
110390;2177;Germany
110390;2497;Norway
110412;2115;Belgium
110412;2267;United Kingdom
110419;2267;United Kingdom
110433;2718;United States of America
110447;2347;Italy
110457;2267;United Kingdom
110457;2267;United Kingdom
110501;2625;Serbia
110548;2142;Canada
110548;2718;United States of America
110568;2718;United States of America
110603;2718;United States of America
110669;2718;United States of America
110748;2374;Japan
110779;2347;Italy
110790;2718;United States of America
110899;2374;Japan
111;2718;United States of America
111031;2718;United States of America
111042;2718;United States of America
111100;2718;United States of America
111109;2552;Philippines
111170;2718;United States of America
111237;2627;Russia
111310;2718;United States of America
111312;2718;United States of America
111332;2718;United States of America
1114;2465;Mongolia
1114;2177;Germany
111443;2222;Spain
111460;2718;United States of America
1115;2177;Germany
111570;2718;United States of America
111642;2267;United Kingdom
111718;2374;Japan
111732;2718;United States of America
111752;2267;United Kingdom
111752;2718;United States of America
111759;2718;United States of America
111815;2718;United States of America
111854;2142;Canada
111913;2374;Japan
112;2183;Denmark
112;2642;Sweden
112072;2243;Finland
112083;2718;United States of America
112087;2718;United States of America
112283;2407;South Korea
112293;2183;Denmark
1124;2718;United States of America
112454;2142;Canada
112454;2718;United States of America
112460;2267;United Kingdom
112481;2718;United States of America
1125;2718;United States of America
1126;2508;New Zealand
112601;2347;Italy
112672;2718;United States of America
112674;2718;United States of America
1127;2222;Spain
112705;2718;United States of America
112731;2718;United States of America
112961;2718;United States of America
112999;2341;India
113;2407;South Korea
113;2177;Germany
113105;2347;Italy
113190;2142;Canada
113209;2142;Canada
113209;2718;United States of America
113214;2718;United States of America
113300;2267;United Kingdom
113432;2346;Iceland
113582;2718;United States of America
113638;2718;United States of America
113739;2718;United States of America
113743;2718;United States of America
113757;2718;United States of America
113947;2718;United States of America
114;2718;United States of America
114003;2718;United States of America
114033;2718;United States of America
114046;2718;United States of America
114060;2718;United States of America
114146;2252;France
114172;2243;Finland
114242;2177;Germany
114333;2222;Spain
114371;2374;Japan
114394;2718;United States of America
114464;2155;China
114503;2718;United States of America
114514;2718;United States of America
114577;2718;United States of America
114638;2718;United States of America
114838;2718;United States of America
114888;2718;United States of America
114922;2153;Chile
114931;2177;Germany
114958;2267;United Kingdom
115;2267;United Kingdom
115;2718;United States of America
115023;2177;Germany
115023;2099;Austria
115042;2222;Spain
115042;2347;Italy
115109;2718;United States of America
115111;2718;United States of America
115162;2252;France
115162;2347;Italy
115162;2252;France
115162;2347;Italy
115210;2332;Ireland
115283;2718;United States of America
115348;2252;France
115348;2718;United States of America
115353;2347;Italy
115373;2718;United States of America
115531;2718;United States of America
115565;2718;United States of America
115711;2222;Spain
115821;2222;Spain
115834;2718;United States of America
115871;2627;Russia
115877;2222;Spain
115893;2718;United States of America
115903;2222;Spain
115909;2222;Spain
115929;2494;Netherlands
116008;2718;United States of America
116014;2142;Canada
116014;2718;United States of America
116155;2718;United States of America
116185;2341;India
1162;2718;United States of America
116227;2407;South Korea
116231;2252;France
1163;2718;United States of America
116323;2407;South Korea
116345;2267;United Kingdom
1164;2252;France
1164;2374;Japan
1164;2475;Mexico
1164;2718;United States of America
116463;2718;United States of America
116495;2718;United States of America
1165;2252;France
1165;2347;Italy
1165;2267;United Kingdom
1165;2718;United States of America
116746;2718;United States of America
116760;2718;United States of America
116811;2177;Germany
116811;2267;United Kingdom
116853;2718;United States of America
116973;2718;United States of America
116977;2718;United States of America
116979;2718;United States of America
116983;2718;United States of America
116991;2642;Sweden
117;2718;United States of America
117316;2339;Israel
117316;2252;France
117316;2339;Israel
117316;2252;France
117452;2494;Netherlands
117464;2177;Germany
117472;2374;Japan
117478;2347;Italy
117506;2307;Hong Kong
117531;2718;United States of America
117553;2718;United States of America
117592;2252;France
117618;2718;United States of America
117913;2347;Italy
117924;2718;United States of America
118;2100;Australia
118;2267;United Kingdom
118;2718;United States of America
118195;2097;Argentina
118204;2097;Argentina
118236;2267;United Kingdom
118236;2267;United Kingdom
118340;2267;United Kingdom
118340;2718;United States of America
118390;2347;Italy
118390;2177;Germany
118390;2149;Switzerland
118446;2718;United States of America
118536;2718;United States of America
118576;2718;United States of America
118690;2267;United Kingdom
118778;2252;France
118792;2725;Uzbekistan
118872;2718;United States of America
118876;2347;Italy
118900;2718;United States of America
118936;2718;United States of America
118946;2183;Denmark
118948;2718;United States of America
119450;2718;United States of America
119569;2718;United States of America
119593;2718;United States of America
119637;2252;France
119637;2347;Italy
119675;2718;United States of America
119687;2267;United Kingdom
119820;2099;Austria
119907;2718;United States of America
12;2718;United States of America
120;2508;New Zealand
120;2718;United States of America
120122;2347;Italy
120122;2252;France
120268;2252;France
120268;2177;Germany
120280;2243;Finland
120292;2100;Australia
120478;2718;United States of America
120588;2718;United States of America
120771;2718;United States of America
120831;2718;United States of America
120833;2718;United States of America
120835;2718;United States of America
120837;2718;United States of America
120843;2718;United States of America
120885;2718;United States of America
120932;2718;United States of America
121;2508;New Zealand
121;2718;United States of America
121003;2718;United States of America
121015;2718;United States of America
121111;2718;United States of America
121113;2267;United Kingdom
121173;2552;Philippines
121245;2718;United States of America
1213;2718;United States of America
121342;2347;Italy
121354;2718;United States of America
121455;2556;Poland
121491;2407;South Korea
121598;2142;Canada
121598;2267;United Kingdom
121707;2718;United States of America
121831;2252;France
121831;2718;United States of America
121835;2100;Australia
121835;2177;Germany
121835;2267;United Kingdom
121873;2177;Germany
121873;2441;Luxembourg
121873;2252;France
121879;2718;United States of America
122;2508;New Zealand
122;2718;United States of America
122019;2475;Mexico
122088;2339;Israel
122270;2177;Germany
122325;2718;United States of America
122331;2718;United States of America
122435;2177;Germany
122466;2718;United States of America
122515;2718;United States of America
122671;2642;Sweden
122677;2718;United States of America
122709;2718;United States of America
122787;2177;Germany
122787;2347;Italy
122857;2718;United States of America
122884;2718;United States of America
122924;2621;Romania
122924;2718;United States of America
122928;2718;United States of America
122930;2718;United States of America
123;2718;United States of America
123103;2153;Chile
123103;2718;United States of America
123105;2718;United States of America
123107;2718;United States of America
123109;2718;United States of America
123229;2252;France
123235;2252;France
123337;2339;Israel
123359;2475;Mexico
123553;2718;United States of America
123723;2252;France
123757;2718;United States of America
123949;2627;Russia
123961;2718;United States of America
123979;2252;France
124;2556;Poland
124013;2252;France
124029;2718;United States of America
124071;2718;United States of America
124085;2651;Senegal
124085;2252;France
124085;2149;Switzerland
124091;2347;Italy
124111;2142;Canada
124157;2407;South Korea
124277;2100;Australia
124294;2407;South Korea
124304;2347;Italy
124304;2097;Argentina
1244;2177;Germany
124414;2648;Slovakia
124470;2718;United States of America
1245;2267;United Kingdom
1245;2718;United States of America
124517;2374;Japan
124521;2267;United Kingdom
124527;2267;United Kingdom
124527;2267;United Kingdom
124581;2718;United States of America
1246;2718;United States of America
124625;2267;United Kingdom
124625;2177;Germany
124625;2332;Ireland
124625;2099;Austria
124645;2267;United Kingdom
1247;2718;United States of America
1248;2267;United Kingdom
1248;2167;Czech Republic
1248;2252;France
1248;2347;Italy
124839;2646;Slovenia
124839;2718;United States of America
124843;2718;United States of America
1249;2718;United States of America
124905;2374;Japan
124905;2718;United States of America
124963;2718;United States of America
124993;2267;United Kingdom
1250;2718;United States of America
1250;2100;Australia
125039;2564;Portugal
125039;2252;France
125077;2718;United States of America
1251;2374;Japan
1251;2718;United States of America
125141;2347;Italy
125229;2374;Japan
125233;2718;United States of America
125249;2718;United States of America
125257;2374;Japan
125271;2374;Japan
1253;2267;United Kingdom
1253;2718;United States of America
125305;2718;United States of America
1254;2252;France
125409;2267;United Kingdom
125409;2718;United States of America
125413;2718;United States of America
1255;2407;South Korea
125509;2718;United States of America
125521;2374;Japan
125531;2099;Austria
125537;2718;United States of America
125587;2332;Ireland
125587;2267;United Kingdom
125619;2097;Argentina
125623;2252;France
1257;2718;United States of America
125700;2651;Senegal
125795;2646;Slovenia
125874;2142;Canada
125874;2332;Ireland
125882;2183;Denmark
125882;2642;Sweden
125882;2497;Norway
1259;2267;United Kingdom
125926;2642;Sweden
125990;2718;United States of America
126016;2718;United States of America
126090;2111;Bosnia and Herzegovina
126090;2252;France
126090;2099;Austria
126090;2686;Turkey
126104;2494;Netherlands
126104;2097;Argentina
126104;2252;France
126104;2177;Germany
126108;2252;France
126122;2718;United States of America
126132;2718;United States of America
126136;2718;United States of America
126152;2718;United States of America
126172;2718;United States of America
126186;2718;United States of America
126186;2155;China
1262;2718;United States of America
126219;2374;Japan
126227;2718;United States of America
126331;2252;France
126418;2718;United States of America
126420;2494;Netherlands
126432;2374;Japan
1265;2718;United States of America
126550;2718;United States of America
126560;2686;Turkey
126597;2167;Czech Republic
1266;2718;United States of America
1267;2718;United States of America
126749;2718;United States of America
126777;2718;United States of America
126781;2718;United States of America
126783;2718;United States of America
126797;2100;Australia
126797;2718;United States of America
1268;2267;United Kingdom
1268;2718;United States of America
1268;2252;France
1268;2177;Germany
1269;2177;Germany
126919;2267;United Kingdom
126919;2718;United States of America
126927;2267;United Kingdom
126929;2718;United States of America
126947;2718;United States of America
126963;2374;Japan
126969;2341;India
127;2556;Poland
127021;2097;Argentina
127040;2718;United States of America
127094;2252;France
127098;2252;France
127142;2177;Germany
127144;2267;United Kingdom
127146;2718;United States of America
127186;2718;United States of America
1272;2267;United Kingdom
1272;2718;United States of America
127224;2718;United States of America
127236;2627;Russia
1273;2718;United States of America
127445;2097;Argentina
127585;2267;United Kingdom
127585;2718;United States of America
127642;2552;Philippines
127642;2552;Philippines
1277;2177;Germany
1277;2317;Hungary
127728;2718;United States of America
1278;2252;France
1278;2347;Italy
1278;2267;United Kingdom
127867;2718;United States of America
1279;2407;South Korea
128;2374;Japan
1280;2407;South Korea
1280;2374;Japan
128081;2142;Canada
128089;2252;France
128089;2556;Poland
128089;2564;Portugal
128089;2267;United Kingdom
1281;2267;United Kingdom
1281;2718;United States of America
128113;2374;Japan
128129;2267;United Kingdom
128149;2128;Brazil
128149;2252;France
128169;2374;Japan
128169;2718;United States of America
128177;2475;Mexico
1282;2718;United States of America
128201;2142;Canada
128201;2458;Madagascar
128201;2718;United States of America
128203;2243;Finland
128209;2156;Colombia
128209;2252;France
128209;2475;Mexico
128215;2142;Canada
128229;2718;United States of America
128237;2718;United States of America
128237;2097;Argentina
128241;2267;United Kingdom
1283;2222;Spain
128395;2651;Senegal
1284;2222;Spain
128437;2718;United States of America
1285;2222;Spain
128508;2347;Italy
128564;2718;United States of America
128588;2347;Italy
128598;2097;Argentina
128598;2718;United States of America
128606;2718;United States of America
128612;2718;United States of America
128614;2718;United States of America
128634;2718;United States of America
128679;2142;Canada
128842;2155;China
128848;2718;United States of America
128854;2718;United States of America
128856;2177;Germany
128876;2267;United Kingdom
128946;2642;Sweden
128960;2314;Croatia
129;2374;Japan
129009;2718;United States of America
129062;2347;Italy
129062;2222;Spain
129062;2177;Germany
129237;2374;Japan
129303;2142;Canada
129311;2718;United States of America
129432;2252;France
129518;2494;Netherlands
129530;2718;United States of America
129689;2374;Japan
129820;2317;Hungary
129830;2627;Russia
129847;2347;Italy
129851;2347;Italy
129943;2345;Iran
13;2718;United States of America
130150;2718;United States of America
130233;2177;Germany
130267;2718;United States of America
130269;2153;Chile
130296;2267;United Kingdom
130374;2718;United States of America
130398;2718;United States of America
130424;2718;United States of America
130452;2718;United States of America
130458;2222;Spain
130458;2162;Cuba
130458;2252;France
130474;2267;United Kingdom
130544;2177;Germany
130612;2149;Switzerland
130624;2177;Germany
130694;2177;Germany
130802;2267;United Kingdom
130804;2117;Bulgaria
130804;2314;Croatia
130804;2177;Germany
130882;2267;United Kingdom
130900;2718;United States of America
131027;2317;Hungary
131074;2267;United Kingdom
131116;2556;Poland
131172;2267;United Kingdom
131172;2718;United States of America
131433;2374;Japan
131457;2718;United States of America
131504;2718;United States of America
131634;2177;Germany
131634;2718;United States of America
131739;2374;Japan
131792;2718;United States of America
131822;2243;Finland
131830;2347;Italy
131836;2252;France
131914;2718;United States of America
131932;2222;Spain
131940;2341;India
131944;2718;United States of America
132;2718;United States of America
132030;2627;Russia
132064;2718;United States of America
132122;2347;Italy
132144;2153;Chile
132144;2252;France
132144;2162;Cuba
132144;2735;Venezuela
132148;2153;Chile
132148;2252;France
132148;2162;Cuba
132148;2735;Venezuela
132232;2222;Spain
132232;2142;Canada
132236;2307;Hong Kong
132236;2718;United States of America
132298;2097;Argentina
132342;2222;Spain
132342;2735;Venezuela
132344;2283;Greece
132344;2718;United States of America
132379;2267;United Kingdom
132551;2314;Croatia
132561;2115;Belgium
132561;2115;Belgium
132608;2128;Brazil
132883;2718;United States of America
132936;2718;United States of America
133119;2718;United States of America
133121;2374;Japan
133131;2718;United States of America
133183;2177;Germany
133241;2718;United States of America
133241;2475;Mexico
133255;2718;United States of America
133255;2718;United States of America
133339;2177;Germany
133339;2267;United Kingdom
133339;2718;United States of America
133365;2267;United Kingdom
133369;2142;Canada
133373;2556;Poland
133441;2332;Ireland
133469;2252;France
133557;2267;United Kingdom
133569;2128;Brazil
133575;2718;United States of America
133643;2642;Sweden
133701;2494;Netherlands
133716;2718;United States of America
133741;2718;United States of America
133792;2718;United States of America
133879;2642;Sweden
133941;2347;Italy
133941;2177;Germany
133964;2407;South Korea
134;2252;France
134;2267;United Kingdom
134;2718;United States of America
134126;2407;South Korea
134158;2267;United Kingdom
134168;2267;United Kingdom
134238;2718;United States of America
134350;2374;Japan
134360;2718;United States of America
134362;2475;Mexico
134362;2285;Guatemala
134362;2718;United States of America
134362;2659;El Salvador
134366;2142;Canada
134366;2718;United States of America
134374;2718;United States of America
134409;2718;United States of America
134409;2718;United States of America
134411;2718;United States of America
134411;2084;United Arab Emirates
134415;2142;Canada
134427;2718;United States of America
134569;2407;South Korea
134597;2718;United States of America
134680;2718;United States of America
134777;2718;United States of America
134806;2718;United States of America
134812;2642;Sweden
134908;2252;France
134908;2452;Morocco
135;2267;United Kingdom
135097;2718;United States of America
135097;2718;United States of America
135161;2556;Poland
135200;2718;United States of America
135204;2208;Estonia
135210;2627;Russia
135214;2642;Sweden
135214;2497;Norway
135260;2347;Italy
135286;2252;France
135312;2718;United States of America
135510;2347;Italy
135545;2718;United States of America
135579;2142;Canada
135647;2718;United States of America
135659;2642;Sweden
135695;2347;Italy
135697;2222;Spain
135799;2374;Japan
1358;2267;United Kingdom
1359;2142;Canada
1359;2718;United States of America
135921;2267;United Kingdom
136;2718;United States of America
1360;2475;Mexico
1360;2718;United States of America
1360;2142;Canada
136070;2374;Japan
136080;2497;Norway
1361;2718;United States of America
136190;2167;Czech Republic
136190;2556;Poland
136190;2648;Slovakia
1363;2718;United States of America
136311;2718;United States of America
1364;2222;Spain
1364;2252;France
136437;2252;France
136437;2115;Belgium
136437;2142;Canada
136459;2177;Germany
1365;2718;United States of America
136572;2347;Italy
136572;2625;Serbia
136572;2252;France
136576;2347;Italy
136582;2252;France
1366;2718;United States of America
136616;2177;Germany
136698;2100;Australia
1367;2718;United States of America
136742;2627;Russia
136742;2442;Latvia
136752;2735;Venezuela
136762;2142;Canada
1368;2718;United States of America
136842;2718;United States of America
136850;2718;United States of America
136884;2267;United Kingdom
136884;2718;United States of America
1369;2718;United States of America
136902;2625;Serbia
136966;2718;United States of America
137;2718;United States of America
1370;2718;United States of America
137014;2718;United States of America
1371;2718;United States of America
137144;2718;United States of America
137174;2718;United States of America
137182;2494;Netherlands
137182;2115;Belgium
1372;2177;Germany
1372;2718;United States of America
137236;2718;United States of America
1373;2267;United Kingdom
1373;2494;Netherlands
137315;2347;Italy
137347;2347;Italy
137347;2556;Poland
137347;2621;Romania
137347;2718;United States of America
137381;2142;Canada
1374;2718;United States of America
137409;2307;Hong Kong
137484;2142;Canada
1375;2718;United States of America
137563;2718;United States of America
1376;2267;United Kingdom
137646;2718;United States of America
1377;2718;United States of America
137757;2252;France
1378;2718;United States of America
137853;2718;United States of America
137859;2252;France
137859;2347;Italy
1379;2243;Finland
137968;2100;Australia
138;2718;United States of America
1380;2718;United States of America
138022;2718;United States of America
138022;2718;United States of America
138030;2341;India
1381;2718;United States of America
138118;2642;Sweden
138122;2341;India
1382;2718;United States of America
138202;2718;United States of America
138222;2718;United States of America
138372;2718;United States of America
138376;2142;Canada
138486;2718;United States of America
138496;2100;Australia
138502;2115;Belgium
138544;2718;United States of America
1387;2718;United States of America
138752;2252;France
138754;2642;Sweden
1389;2718;United States of America
139058;2267;United Kingdom
1391;2475;Mexico
139159;2252;France
139195;2642;Sweden
1392;2718;United States of America
139251;2718;United States of America
1393;2465;Mongolia
1393;2177;Germany
139325;2475;Mexico
139329;2155;China
139349;2718;United States of America
1394;2658;Soviet Union
1394;2347;Italy
139405;2718;United States of America
139433;2718;United States of America
139455;2142;Canada
139455;2718;United States of America
139463;2267;United Kingdom
139467;2556;Poland
139521;2341;India
139559;2627;Russia
139567;2718;United States of America
139575;2642;Sweden
1396;2627;Russia
139651;2252;France
139715;2718;United States of America
139777;2267;United Kingdom
139777;2142;Canada
139777;2177;Germany
139777;2267;United Kingdom
139777;2142;Canada
139777;2177;Germany
139799;2718;United States of America
1398;2627;Russia
139851;2252;France
139863;2222;Spain
14;2718;United States of America
140;2222;Spain
140174;2718;United States of America
140208;2718;United States of America
140212;2407;South Korea
140222;2718;United States of America
140231;2341;India
140281;2718;United States of America
140383;2347;Italy
140383;2252;France
140413;2718;United States of America
140423;2339;Israel
140441;2374;Japan
140443;2718;United States of America
140443;2475;Mexico
140447;2162;Cuba
140447;2267;United Kingdom
140447;2718;United States of America
140465;2718;United States of America
140485;2686;Turkey
140489;2718;United States of America
140491;2718;United States of America
1405;2718;United States of America
140509;2374;Japan
140513;2374;Japan
140527;2267;United Kingdom
1406;2718;United States of America
1407;2167;Czech Republic
1407;2252;France
1407;2267;United Kingdom
140733;2167;Czech Republic
1408;2252;France
1408;2177;Germany
1408;2347;Italy
1408;2718;United States of America
140818;2497;Norway
140846;2718;United States of America
140870;2115;Belgium
140870;2252;France
141;2718;United States of America
1410;2718;United States of America
141010;2222;Spain
141010;2347;Italy
141052;2718;United States of America
141058;2267;United Kingdom
1411;2718;United States of America
141102;2407;South Korea
141102;2718;United States of America
141102;2341;India
141131;2307;Hong Kong
1412;2718;United States of America
141262;2347;Italy
1413;2718;United States of America
141319;2718;United States of America
1414;2222;Spain
1415;2494;Netherlands
1415;2718;United States of America
141520;2627;Russia
1416;2407;South Korea
1417;2222;Spain
1417;2718;United States of America
1417;2475;Mexico
141714;2267;United Kingdom
141733;2142;Canada
141757;2556;Poland
141810;2347;Italy
141868;2718;United States of America
1419;2177;Germany
141950;2252;France
141950;2177;Germany
142;2142;Canada
142;2718;United States of America
1420;2267;United Kingdom
1420;2332;Ireland
142012;2718;United States of America
142052;2718;United States of America
142064;2718;United States of America
1421;2252;France
142106;2718;United States of America
142115;2718;United States of America
142119;2718;United States of America
142150;2718;United States of America
1422;2307;Hong Kong
1422;2718;United States of America
142254;2718;United States of America
142308;2718;United States of America
142478;2718;United States of America
142507;2100;Australia
142656;2374;Japan
1427;2222;Spain
1427;2177;Germany
1427;2252;France
142746;2627;Russia
142770;2627;Russia
142797;2627;Russia
1428;2718;United States of America
1429;2718;United States of America
142971;2718;United States of America
142979;2252;France
142979;2347;Italy
142989;2718;United States of America
143;2718;United States of America
1430;2718;United States of America
143005;2627;Russia
143049;2718;United States of America
143098;2642;Sweden
143098;2243;Finland
143277;2718;United States of America
1433;2222;Spain
1433;2475;Mexico
143355;2625;Serbia
143355;2111;Bosnia and Herzegovina
143355;2625;Serbia
143355;2111;Bosnia and Herzegovina
143525;2243;Finland
143747;2347;Italy
143747;2177;Germany
143876;2627;Russia
1439;2476;Malaysia
1439;2718;United States of America
143946;2374;Japan
143959;2243;Finland
143980;2341;India
144;2177;Germany
144;2252;France
1440;2718;United States of America
144092;2718;United States of America
1441;2117;Bulgaria
1441;2718;United States of America
144204;2142;Canada
144206;2267;United Kingdom
144288;2374;Japan
1443;2718;United States of America
144326;2718;United States of America
144336;2718;United States of America
144340;2718;United States of America
144344;2347;Italy
144344;2177;Germany
144344;2718;United States of America
144436;2718;United States of America
144444;2718;United States of America
144464;2718;United States of America
144498;2718;United States of America
144560;2243;Finland
144570;2267;United Kingdom
144570;2440;Lithuania
144580;2718;United States of America
144610;2307;Hong Kong
144676;2718;United States of America
144686;2718;United States of America
144712;2142;Canada
144724;2243;Finland
144728;2243;Finland
144784;2718;United States of America
1448;2267;United Kingdom
144852;2718;United States of America
144910;2718;United States of America
144942;2267;United Kingdom
144942;2267;United Kingdom
144982;2718;United States of America
1450;2374;Japan
1450;2307;Hong Kong
1450;2155;China
1450;2252;France
145066;2267;United Kingdom
145132;2142;Canada
145162;2267;United Kingdom
145186;2718;United States of America
145194;2642;Sweden
145220;2718;United States of America
145312;2142;Canada
145504;2125;Bolivia
145668;2718;United States of America
146;2155;China
146;2307;Hong Kong
146;2691;Taiwan
146;2718;United States of America
146030;2208;Estonia
146198;2718;United States of America
146198;2718;United States of America
146216;2142;Canada
146216;2252;France
146216;2718;United States of America
146238;2718;United States of America
146301;2718;United States of America
146313;2718;United States of America
146380;2718;United States of America
146404;2267;United Kingdom
146414;2627;Russia
146449;2718;United States of America
146712;2718;United States of America
146724;2407;South Korea
146730;2718;United States of America
146904;2128;Brazil
146916;2718;United States of America
146926;2718;United States of America
146946;2718;United States of America
146970;2347;Italy
147;2252;France
147106;2718;United States of America
147276;2100;Australia
147360;2177;Germany
147360;2252;France
147360;2177;Germany
147360;2252;France
147441;2222;Spain
147441;2267;United Kingdom
147441;2718;United States of America
147621;2183;Denmark
147692;2621;Romania
147698;2621;Romania
147726;2718;United States of America
147746;2252;France
147829;2718;United States of America
147843;2718;United States of America
1479;2718;United States of America
147903;2718;United States of America
148;2222;Spain
1480;2718;United States of America
148034;2625;Serbia
148044;2177;Germany
148284;2341;India
1483;2718;United States of America
148357;2718;United States of America
148380;2307;Hong Kong
1484;2177;Germany
148408;2347;Italy
148410;2718;United States of America
148430;2627;Russia
148478;2243;Finland
148482;2243;Finland
1485;2267;United Kingdom
148622;2627;Russia
148636;2718;United States of America
148652;2718;United States of America
148675;2718;United States of America
1487;2718;United States of America
148757;2347;Italy
148777;2718;United States of America
1488;2155;China
148807;2718;United States of America
148811;2718;United States of America
148811;2267;United Kingdom
148811;2177;Germany
148857;2177;Germany
149;2374;Japan
149026;2718;United States of America
149043;2347;Italy
149094;2177;Germany
149094;2149;Switzerland
149094;2252;France
149114;2718;United States of America
149150;2700;Ukraine
149154;2627;Russia
149170;2627;Russia
149180;2222;Spain
149180;2347;Italy
1493;2718;United States of America
149320;2718;United States of America
149336;2718;United States of America
149468;2658;Soviet Union
149474;2621;Romania
1496;2718;United States of America
1497;2307;Hong Kong
1497;2718;United States of America
149723;2374;Japan
149727;2270;Georgia
149786;2718;United States of America
149786;2142;Canada
1498;2307;Hong Kong
1498;2718;United States of America
149832;2627;Russia
149883;2718;United States of America
1499;2307;Hong Kong
1499;2718;United States of America
15;2718;United States of America
150;2718;United States of America
150010;2627;Russia
150054;2210;Egypt
150054;2210;Egypt
150056;2177;Germany
150084;2267;United Kingdom
150140;2718;United States of America
150202;2718;United States of America
150218;2347;Italy
150230;2718;United States of America
150338;2718;United States of America
150473;2208;Estonia
150540;2718;United States of America
150657;2142;Canada
150736;2252;France
150778;2718;United States of America
151431;2267;United Kingdom
151509;2718;United States of America
151679;2718;United States of America
151687;2267;United Kingdom
151687;2267;United Kingdom
151693;2718;United States of America
151727;2339;Israel
151727;2718;United States of America
151727;2252;France
151743;2155;China
151743;2676;Thailand
151831;2718;United States of America
151911;2718;United States of America
151911;2718;United States of America
151923;2100;Australia
151933;2718;United States of America
152;2718;United States of America
152023;2718;United States of America
152206;2718;United States of America
1523;2267;United Kingdom
1523;2177;Germany
1523;2718;United States of America
152539;2252;France
152599;2718;United States of America
152601;2155;China
152601;2718;United States of America
152737;2718;United States of America
152747;2718;United States of America
152780;2252;France
152780;2347;Italy
152780;2345;Iran
152846;2347;Italy
152912;2556;Poland
152912;2167;Czech Republic
152912;2648;Slovakia
153;2374;Japan
153;2718;United States of America
153118;2149;Switzerland
153118;2142;Canada
153158;2097;Argentina
153158;2222;Spain
153162;2718;United States of America
153170;2341;India
153228;2718;United States of America
153266;2556;Poland
153266;2556;Poland
1534;2718;United States of America
153444;2252;France
153444;2252;France
1535;2267;United Kingdom
1535;2718;United States of America
153518;2243;Finland
153518;2718;United States of America
153556;2564;Portugal
153652;2267;United Kingdom
1537;2718;United States of America
153738;2494;Netherlands
153738;2718;United States of America
153738;2167;Czech Republic
153750;2374;Japan
1538;2718;United States of America
153820;2252;France
1539;2177;Germany
154073;2718;United States of America
1541;2718;United States of America
154188;2564;Portugal
1542;2718;United States of America
154226;2718;United States of America
154276;2718;United States of America
1543;2177;Germany
154339;2252;France
1544;2177;Germany
1544;2267;United Kingdom
1544;2718;United States of America
154400;2718;United States of America
154442;2374;Japan
154582;2177;Germany
1546;2718;United States of America
154622;2718;United States of America
1547;2718;United States of America
154786;2142;Canada
1548;2177;Germany
1548;2267;United Kingdom
1548;2718;United States of America
1549;2252;France
155;2267;United Kingdom
155;2718;United States of America
1550;2718;United States of America
155084;2718;United States of America
155096;2407;South Korea
1551;2718;United States of America
1552;2718;United States of America
155288;2177;Germany
1553;2252;France
155386;2156;Colombia
1554;2177;Germany
1554;2718;United States of America
1555;2252;France
155597;2347;Italy
155605;2374;Japan
155685;2718;United States of America
1557;2177;Germany
155796;2718;United States of America
155796;2475;Mexico
155796;2167;Czech Republic
155890;2252;France
1559;2142;Canada
1559;2177;Germany
1559;2252;France
155956;2252;France
155956;2347;Italy
1561;2252;France
156141;2627;Russia
156145;2347;Italy
1562;2222;Spain
1562;2267;United Kingdom
1563;2252;France
156317;2718;United States of America
156547;2347;Italy
156597;2142;Canada
1566;2177;Germany
156603;2718;United States of America
156627;2556;Poland
156643;2155;China
1567;2252;France
156708;2718;United States of America
1568;2252;France
157;2718;United States of America
1571;2267;United Kingdom
1571;2718;United States of America
157174;2347;Italy
157174;2252;France
157178;2556;Poland
1572;2718;United States of America
1573;2718;United States of America
157320;2556;Poland
157336;2142;Canada
157336;2718;United States of America
157336;2267;United Kingdom
157350;2718;United States of America
157373;2718;United States of America
157375;2718;United States of America
1574;2718;United States of America
157544;2718;United States of America
157683;2347;Italy
157723;2718;United States of America
157787;2252;France
1578;2718;United States of America
157823;2718;United States of America
157825;2718;United States of America
157825;2252;France
157829;2718;United States of America
157837;2267;United Kingdom
157841;2142;Canada
157841;2252;France
157843;2452;Morocco
157843;2718;United States of America
157845;2100;Australia
157847;2718;United States of America
157849;2267;United Kingdom
157849;2718;United States of America
157849;2177;Germany
157851;2142;Canada
157851;2718;United States of America
157851;2252;France
157851;2177;Germany
1579;2718;United States of America
158;2115;Belgium
158;2177;Germany
158;2494;Netherlands
1580;2718;United States of America
158011;2718;United States of America
158015;2252;France
158015;2718;United States of America
158068;2374;Japan
1581;2267;United Kingdom
1581;2718;United States of America
158113;2718;United States of America
158182;2347;Italy
158262;2718;United States of America
1583;2177;Germany
1584;2177;Germany
1584;2718;United States of America
158426;2252;France
158439;2718;United States of America
1585;2718;United States of America
1586;2718;United States of America
158675;2267;United Kingdom
1587;2718;United States of America
158711;2718;United States of America
158743;2718;United States of America
1588;2718;United States of America
158811;2718;United States of America
158852;2718;United States of America
158884;2718;United States of America
1589;2267;United Kingdom
1589;2332;Ireland
1589;2177;Germany
158900;2642;Sweden
158908;2718;United States of America
158914;2267;United Kingdom
158916;2718;United States of America
158928;2718;United States of America
158936;2718;United States of America
158968;2270;Georgia
158968;2627;Russia
158990;2252;France
158990;2718;United States of America
158990;2627;Russia
159;2177;Germany
1590;2177;Germany
1590;2718;United States of America
159002;2718;United States of America
159004;2718;United States of America
159024;2718;United States of America
159095;2267;United Kingdom
1591;2177;Germany
159109;2718;United States of America
159109;2718;United States of America
159117;2718;United States of America
159117;2142;Canada
159117;2331;Indonesia
159121;2252;France
159153;2718;United States of America
159185;2155;China
159185;2307;Hong Kong
1592;2718;United States of America
159207;2627;Russia
159211;2347;Italy
159215;2718;United States of America
159281;2252;France
159281;2347;Italy
1593;2718;United States of America
1593;2267;United Kingdom
159389;2718;United States of America
1594;2267;United Kingdom
1594;2718;United States of America
159403;2374;Japan
159447;2627;Russia
159464;2718;United States of America
159469;2718;United States of America
159480;2642;Sweden
1595;2142;Canada
1595;2718;United States of America
1595;2177;Germany
1596;2142;Canada
159638;2718;United States of America
1597;2718;United States of America
159704;2347;Italy
159727;2267;United Kingdom
1598;2718;United States of America
159849;2718;United States of America
159849;2718;United States of America
159849;2718;United States of America
159849;2718;United States of America
159849;2718;United States of America
159849;2718;United States of America
159849;2718;United States of America
159849;2718;United States of America
159849;2718;United States of America
159849;2718;United States of America
159849;2718;United States of America
159849;2718;United States of America
1599;2177;Germany
1599;2718;United States of America
159942;2111;Bosnia and Herzegovina
159942;2252;France
159942;2347;Italy
159942;2646;Slovenia
160;2252;France
160106;2167;Czech Republic
160118;2621;Romania
160124;2627;Russia
160128;2267;United Kingdom
160139;2177;Germany
160139;2564;Portugal
160139;2149;Switzerland
160165;2556;Poland
160171;2345;Iran
160265;2341;India
160329;2718;United States of America
160588;2718;United States of America
160660;2718;United States of America
160768;2252;France
160788;2177;Germany
160788;2222;Spain
1608;2267;United Kingdom
160844;2347;Italy
1609;2252;France
1609;2267;United Kingdom
161;2718;United States of America
1610;2267;United Kingdom
161024;2097;Argentina
161024;2097;Argentina
161056;2243;Finland
161070;2267;United Kingdom
161070;2718;United States of America
161076;2718;United States of America
161080;2177;Germany
161080;2267;United Kingdom
1611;2177;Germany
161143;2718;United States of America
161187;2718;United States of America
1613;2142;Canada
1613;2267;United Kingdom
161426;2718;United States of America
1615;2177;Germany
161512;2718;United States of America
1616;2177;Germany
161602;2267;United Kingdom
161782;2718;United States of America
161796;2718;United States of America
161808;2686;Turkey
1619;2718;United States of America
162;2718;United States of America
1620;2252;France
1620;2718;United States of America
162006;2374;Japan
162056;2347;Italy
1621;2718;United States of America
1622;2252;France
162234;2177;Germany
162282;2347;Italy
162284;2718;United States of America
1623;2718;United States of America
162320;2252;France
162374;2252;France
162382;2347;Italy
1624;2718;United States of America
162406;2374;Japan
162442;2374;Japan
162458;2252;France
162512;2718;United States of America
162592;2718;United States of America
1626;2252;France
1628;2252;France
162818;2642;Sweden
162850;2718;United States of America
162862;2718;United States of America
162864;2718;United States of America
162864;2099;Austria
162874;2718;United States of America
1629;2252;France
162928;2718;United States of America
162934;2718;United States of America
163;2718;United States of America
1630;2718;United States of America
163018;2283;Greece
163068;2718;United States of America
1631;2252;France
1632;2718;United States of America
163202;2691;Taiwan
163250;2718;United States of America
1633;2718;United States of America
163312;2556;Poland
163312;2556;Poland
163366;2718;United States of America
163376;2718;United States of America
163428;2725;Uzbekistan
1635;2718;United States of America
163583;2718;United States of America
1636;2718;United States of America
163631;2718;United States of America
163659;2475;Mexico
163659;2267;United Kingdom
163659;2142;Canada
1639;2718;United States of America
163907;2718;United States of America
163937;2718;United States of America
164;2718;United States of America
1640;2177;Germany
1640;2718;United States of America
164013;2627;Russia
1641;2718;United States of America
164123;2718;United States of America
1642;2718;United States of America
164286;2718;United States of America
1643;2252;France
1643;2347;Italy
1644;2718;United States of America
164421;2283;Greece
1645;2718;United States of America
164558;2718;United States of America
1646;2177;Germany
1646;2718;United States of America
164687;2718;United States of America
1647;2718;United States of America
164777;2347;Italy
164777;2252;France
1648;2718;United States of America
164827;2283;Greece
1649;2718;United States of America
165;2718;United States of America
165027;2177;Germany
1651;2252;France
1651;2347;Italy
165159;2347;Italy
1652;2177;Germany
165321;2128;Brazil
1654;2267;United Kingdom
1654;2718;United States of America
165401;2718;United States of America
1655;2177;Germany
165567;2718;United States of America
1656;2475;Mexico
1656;2718;United States of America
165739;2718;United States of America
1659;2177;Germany
165911;2345;Iran
166;2252;France
1660;2252;France
166076;2718;United States of America
1661;2177;Germany
166161;2718;United States of America
1662;2718;United States of America
1662;2267;United Kingdom
166207;2222;Spain
166221;2718;United States of America
166231;2341;India
166271;2142;Canada
1665;2718;United States of America
166560;2718;United States of America
1666;2718;United States of America
166621;2718;United States of America
166643;2718;United States of America
166677;2718;United States of America
1667;2252;France
166733;2283;Greece
166747;2718;United States of America
166773;2718;United States of America
166798;2341;India
166874;2341;India
166886;2442;Latvia
166888;2347;Italy
166888;2252;France
166888;2347;Italy
166888;2252;France
1669;2718;United States of America
167;2177;Germany
167;2267;United Kingdom
167;2718;United States of America
167012;2718;United States of America
167032;2718;United States of America
1672;2252;France
1673;2718;United States of America
167330;2177;Germany
167364;2252;France
167424;2099;Austria
167424;2177;Germany
167424;2556;Poland
167494;2341;India
1675;2252;France
1675;2347;Italy
167548;2625;Serbia
167548;2167;Czech Republic
167556;2718;United States of America
167644;2243;Finland
167644;2642;Sweden
167658;2243;Finland
1677;2718;United States of America
167726;2642;Sweden
1678;2374;Japan
167810;2718;United States of America
167858;2627;Russia
167858;2167;Czech Republic
167858;2621;Romania
1679;2374;Japan
167956;2222;Spain
167960;2718;United States of America
168;2718;United States of America
1680;2374;Japan
168022;2100;Australia
168056;2642;Sweden
168098;2718;United States of America
168112;2642;Sweden
1682;2374;Japan
168210;2718;United States of America
168228;2718;United States of America
168228;2718;United States of America
1683;2718;United States of America
168300;2374;Japan
168320;2183;Denmark
168320;2508;New Zealand
168408;2718;United States of America
168408;2347;Italy
168450;2718;United States of America
168478;2627;Russia
1685;2718;United States of America
168530;2718;United States of America
168552;2339;Israel
1686;2718;United States of America
168616;2267;United Kingdom
168672;2718;United States of America
168676;2718;United States of America
168712;2718;United States of America
168758;2183;Denmark
168758;2642;Sweden
1688;2718;United States of America
168806;2642;Sweden
168814;2691;Taiwan
1689;2252;France
1689;2347;Italy
1689;2429;Liechtenstein
1689;2267;United Kingdom
168994;2374;Japan
169;2718;United States of America
1690;2718;United States of America
169020;2252;France
169066;2718;United States of America
169068;2718;United States of America
169068;2718;United States of America
169090;2642;Sweden
169158;2718;United States of America
169250;2314;Croatia
169298;2718;United States of America
1694;2718;United States of America
169448;2345;Iran
169448;2718;United States of America
169448;2252;France
1696;2177;Germany
1696;2718;United States of America
169644;2267;United Kingdom
169652;2347;Italy
169656;2625;Serbia
169656;2177;Germany
169692;2347;Italy
1697;2177;Germany
169758;2183;Denmark
169788;2718;United States of America
1698;2177;Germany
169800;2718;United States of America
169832;2718;United States of America
169836;2177;Germany
169840;2718;United States of America
169842;2718;United States of America
169962;2718;United States of America
17;2177;Germany
17;2267;United Kingdom
170;2267;United Kingdom
1701;2718;United States of America
1702;2267;United Kingdom
170261;2718;United States of America
170263;2642;Sweden
170277;2267;United Kingdom
170279;2494;Netherlands
170279;2718;United States of America
170315;2718;United States of America
170455;2142;Canada
170477;2718;United States of America
1705;2718;United States of America
170517;2718;United States of America
170657;2155;China
170687;2718;United States of America
170689;2252;France
170767;2347;Italy
170767;2222;Spain
170967;2718;United States of America
171;2252;France
1710;2718;United States of America
171045;2267;United Kingdom
171061;2347;Italy
171061;2718;United States of America
171075;2267;United Kingdom
171213;2564;Portugal
171213;2252;France
1713;2718;United States of America
171337;2347;Italy
171357;2718;United States of America
171363;2187;Dominican Republic
1714;2267;United Kingdom
171427;2642;Sweden
171429;2718;United States of America
1715;2718;United States of America
171587;2407;South Korea
171587;2407;South Korea
1716;2252;France
1717;2718;United States of America
171755;2718;United States of America
171759;2718;United States of America
171771;2142;Canada
171795;2718;United States of America
1718;2718;United States of America
171873;2099;Austria
171885;2142;Canada
1719;2252;France
172;2718;United States of America
1720;2346;Iceland
172003;2149;Switzerland
172011;2177;Germany
1721;2347;Italy
172149;2267;United Kingdom
172149;2177;Germany
1722;2267;United Kingdom
1722;2718;United States of America
1722;2252;France
172295;2317;Hungary
172297;2142;Canada
1723;2718;United States of America
1724;2718;United States of America
172443;2718;United States of America
172445;2718;United States of America
172457;2222;Spain
172469;2718;United States of America
172475;2718;United States of America
1725;2718;United States of America
172533;2718;United States of America
172535;2267;United Kingdom
172545;2267;United Kingdom
172577;2267;United Kingdom
1726;2718;United States of America
172631;2718;United States of America
172673;2099;Austria
1727;2718;United States of America
172705;2331;Indonesia
172721;2142;Canada
172729;2718;United States of America
172747;2347;Italy
172747;2456;Montenegro
172767;2718;United States of America
172767;2718;United States of America
172785;2718;United States of America
172803;2718;United States of America
172817;2341;India
172847;2718;United States of America
172897;2718;United States of America
1729;2155;China
1729;2718;United States of America
172913;2718;United States of America
173;2718;United States of America
1730;2556;Poland
1730;2718;United States of America
1730;2252;France
1731;2142;Canada
1731;2177;Germany
1731;2267;United Kingdom
1731;2718;United States of America
173153;2718;United States of America
173171;2556;Poland
173177;2347;Italy
173185;2252;France
173189;2718;United States of America
1732;2718;United States of America
173205;2341;India
173205;2718;United States of America
173299;2718;United States of America
1734;2718;United States of America
173421;2283;Greece
173467;2718;United States of America
173491;2718;United States of America
173495;2718;United States of America
1735;2177;Germany
1735;2718;United States of America
173541;2718;United States of America
173557;2718;United States of America
173587;2494;Netherlands
173631;2177;Germany
173635;2718;United States of America
173689;2718;United States of America
1738;2718;United States of America
173845;2642;Sweden
173847;2347;Italy
173865;2243;Finland
173873;2167;Czech Republic
173891;2718;United States of America
173893;2267;United Kingdom
173897;2252;France
173897;2100;Australia
173897;2142;Canada
173897;2177;Germany
173917;2718;United States of America
174;2718;United States of America
174195;2718;United States of America
174593;2183;Denmark
174611;2718;United States of America
174645;2718;United States of America
174671;2642;Sweden
174671;2252;France
174671;2332;Ireland
174675;2267;United Kingdom
174751;2718;United States of America
174751;2718;United States of America
174759;2718;United States of America
174865;2718;United States of America
174905;2627;Russia
175245;2142;Canada
175291;2718;United States of America
175331;2441;Luxembourg
175331;2177;Germany
175331;2252;France
175427;2555;Pakistan
175457;2177;Germany
175503;2177;Germany
175555;2718;United States of America
175791;2347;Italy
175869;2177;Germany
175983;2718;United States of America
176;2718;United States of America
176069;2718;United States of America
176077;2718;United States of America
176085;2718;United States of America
176143;2718;United States of America
176167;2177;Germany
177;2718;United States of America
1770;2332;Ireland
1770;2267;United Kingdom
1771;2718;United States of America
1772;2718;United States of America
1773;2718;United States of America
1774;2267;United Kingdom
1774;2718;United States of America
1776;2718;United States of America
1779;2718;United States of America
178;2718;United States of America
1781;2718;United States of America
1782;2142;Canada
1782;2177;Germany
1782;2252;France
1783;2267;United Kingdom
1783;2676;Thailand
1783;2718;United States of America
1785;2252;France
1785;2347;Italy
1787;2347;Italy
1787;2252;France
1788;2718;United States of America
1789;2718;United States of America
179;2252;France
179;2177;Germany
179;2267;United Kingdom
179;2718;United States of America
1791;2099;Austria
1791;2252;France
1792;2718;United States of America
1793;2718;United States of America
18;2252;France
180;2718;United States of America
1807;2718;United States of America
1809;2177;Germany
1809;2718;United States of America
1810;2718;United States of America
1811;2718;United States of America
1811;2252;France
1812;2718;United States of America
1815;2267;United Kingdom
1815;2718;United States of America
1817;2718;United States of America
1819;2718;United States of America
182;2718;United States of America
1824;2718;United States of America
1825;2718;United States of America
1826;2252;France
1826;2267;United Kingdom
1829;2252;France
183;2718;United States of America
1830;2252;France
1830;2718;United States of America
1830;2177;Germany
1831;2718;United States of America
1832;2718;United States of America
1833;2718;United States of America
1834;2718;United States of America
1835;2718;United States of America
1836;2252;France
1837;2252;France
184;2718;United States of America
1840;2718;United States of America
1841;2718;United States of America
1842;2718;United States of America
1843;2718;United States of America
1844;2267;United Kingdom
1844;2718;United States of America
1845;2252;France
1845;2177;Germany
1846;2718;United States of America
1847;2718;United States of America
1848;2718;United States of America
1849;2267;United Kingdom
1849;2718;United States of America
185;2267;United Kingdom
185;2718;United States of America
1850;2718;United States of America
1852;2718;United States of America
1853;2718;United States of America
1857;2718;United States of America
1858;2718;United States of America
1859;2718;United States of America
186;2177;Germany
186;2718;United States of America
1863;2252;France
1863;2347;Italy
1865;2718;United States of America
187;2718;United States of America
1870;2252;France
1870;2347;Italy
1871;2252;France
1871;2347;Italy
1872;2508;New Zealand
1872;2718;United States of America
1874;2115;Belgium
1874;2855;South Africa
1875;2252;France
1875;2347;Italy
1877;2718;United States of America
1878;2718;United States of America
1879;2718;United States of America
1880;2718;United States of America
1882;2718;United States of America
1883;2718;United States of America
1884;2718;United States of America
1885;2718;United States of America
1887;2252;France
1887;2718;United States of America
1887;2374;Japan
1888;2718;United States of America
189;2718;United States of America
1890;2718;United States of America
1891;2718;United States of America
1892;2718;United States of America
1893;2718;United States of America
1894;2718;United States of America
1895;2718;United States of America
1896;2222;Spain
1899;2142;Canada
1899;2252;France
19;2177;Germany
1900;2177;Germany
1900;2718;United States of America
1901;2718;United States of America
1902;2222;Spain
1903;2718;United States of America
1904;2718;United States of America
1906;2799;East Germany
1907;2267;United Kingdom
1907;2718;United States of America
1908;2718;United States of America
1909;2718;United States of America
1911;2718;United States of America
1912;2177;Germany
1913;2222;Spain
1913;2252;France
1913;2347;Italy
1914;2177;Germany
1915;2177;Germany
1918;2339;Israel
1918;2252;France
1919;2142;Canada
192;2252;France
192;2347;Italy
192;2177;Germany
1920;2718;United States of America
1921;2718;United States of America
1922;2115;Belgium
1922;2177;Germany
1922;2252;France
1923;2718;United States of America
1924;2267;United Kingdom
1924;2718;United States of America
1927;2718;United States of America
193;2718;United States of America
1930;2718;United States of America
1931;2718;United States of America
1933;2222;Spain
1933;2718;United States of America
1933;2252;France
1933;2347;Italy
1934;2718;United States of America
1936;2718;United States of America
1937;2718;United States of America
1938;2718;United States of America
1939;2718;United States of America
194;2252;France
194;2177;Germany
1940;2718;United States of America
1941;2718;United States of America
1942;2267;United Kingdom
1944;2718;United States of America
1945;2718;United States of America
1946;2142;Canada
1946;2252;France
1946;2267;United Kingdom
1947;2718;United States of America
1947;2177;Germany
1948;2718;United States of America
1949;2718;United States of America
195;2718;United States of America
1950;2718;United States of America
1954;2142;Canada
1954;2718;United States of America
1955;2267;United Kingdom
1955;2718;United States of America
1956;2718;United States of America
1956;2097;Argentina
1957;2718;United States of America
1958;2252;France
1958;2347;Italy
1959;2267;United Kingdom
196;2718;United States of America
1961;2718;United States of America
1963;2407;South Korea
1963;2374;Japan
1964;2177;Germany
1965;2718;United States of America
1967;2718;United States of America
1968;2718;United States of America
1969;2718;United States of America
1969;2252;France
1969;2475;Mexico
197;2718;United States of America
1970;2374;Japan
1970;2718;United States of America
1975;2718;United States of America
1976;2718;United States of America
1977;2718;United States of America
1978;2267;United Kingdom
1979;2177;Germany
1979;2267;United Kingdom
1979;2718;United States of America
198;2718;United States of America
1984;2267;United Kingdom
1984;2718;United States of America
1985;2155;China
1985;2177;Germany
1985;2267;United Kingdom
1985;2718;United States of America
1986;2252;France
1986;2339;Israel
1986;2115;Belgium
1986;2347;Italy
1987;2099;Austria
1987;2149;Switzerland
1989;2155;China
1989;2252;France
1989;2307;Hong Kong
199;2718;United States of America
1990;2252;France
1990;2718;United States of America
1991;2718;United States of America
1992;2718;United States of America
1993;2252;France
1993;2347;Italy
1994;2718;United States of America
1995;2718;United States of America
1996;2718;United States of America
1996;2177;Germany
1996;2374;Japan
1996;2267;United Kingdom
1997;2252;France
1997;2267;United Kingdom
1998;2252;France
1998;2397;Cambodia
1998;2252;France
1998;2397;Cambodia
1999;2718;United States of America
2;2243;Finland
20;2142;Canada
20;2222;Spain
200;2718;United States of America
2000;2177;Germany
2000;2549;Peru
2001;2718;United States of America
2002;2347;Italy
2002;2252;France
2003;2252;France
2004;2177;Germany
2005;2718;United States of America
2006;2718;United States of America
2007;2718;United States of America
2008;2155;China
2008;2374;Japan
2008;2407;South Korea
2009;2115;Belgium
2009;2621;Romania
201;2718;United States of America
2010;2374;Japan
2011;2252;France
2011;2718;United States of America
2012;2475;Mexico
2012;2177;Germany
2012;2252;France
2012;2494;Netherlands
2013;2252;France
2013;2718;United States of America
2014;2177;Germany
2014;2686;Turkey
2015;2407;South Korea
2016;2198;Algeria
2016;2252;France
2016;2452;Morocco
2016;2115;Belgium
2017;2718;United States of America
2018;2718;United States of America
2019;2718;United States of America
2020;2718;United States of America
2021;2252;France
2021;2267;United Kingdom
2022;2718;United States of America
2023;2718;United States of America
2023;2452;Morocco
2024;2177;Germany
2024;2718;United States of America
2026;2177;Germany
2026;2718;United States of America
2028;2718;United States of America
2029;2252;France
203;2718;United States of America
2033;2718;United States of America
2034;2100;Australia
2034;2718;United States of America
2038;2267;United Kingdom
2038;2718;United States of America
2039;2718;United States of America
204;2252;France
204;2347;Italy
2042;2718;United States of America
2043;2142;Canada
2043;2177;Germany
2043;2718;United States of America
2044;2718;United States of America
2045;2718;United States of America
2046;2718;United States of America
2047;2718;United States of America
2048;2718;United States of America
2048;2177;Germany
2049;2718;United States of America
2054;2718;United States of America
2055;2718;United States of America
2056;2718;United States of America
2057;2252;France
2057;2718;United States of America
2059;2718;United States of America
206;2100;Australia
206;2177;Germany
206;2252;France
206;2267;United Kingdom
2061;2183;Denmark
2062;2718;United States of America
2064;2718;United States of America
2067;2718;United States of America
207;2718;United States of America
2071;2718;United States of America
2072;2142;Canada
2074;2718;United States of America
2075;2718;United States of America
2077;2718;United States of America
2078;2718;United States of America
2079;2718;United States of America
2080;2718;United States of America
2082;2718;United States of America
2084;2267;United Kingdom
2084;2718;United States of America
2085;2718;United States of America
2086;2718;United States of America
2087;2374;Japan
2087;2718;United States of America
2088;2267;United Kingdom
2088;2718;United States of America
2089;2718;United States of America
2091;2718;United States of America
2093;2494;Netherlands
2095;2718;United States of America
2097;2374;Japan
2097;2718;United States of America
2098;2718;United States of America
2099;2718;United States of America
21;2718;United States of America
2100;2718;United States of America
2102;2374;Japan
2102;2718;United States of America
2103;2718;United States of America
2104;2252;France
2105;2718;United States of America
2107;2718;United States of America
2108;2718;United States of America
2109;2718;United States of America
211;2177;Germany
2110;2374;Japan
2110;2252;France
2111;2155;China
2111;2252;France
2112;2718;United States of America
2114;2374;Japan
2114;2718;United States of America
2115;2718;United States of America
2116;2718;United States of America
2117;2177;Germany
2118;2718;United States of America
2119;2718;United States of America
2123;2718;United States of America
2124;2718;United States of America
2125;2718;United States of America
213;2718;United States of America
2132;2718;United States of America
2133;2718;United States of America
2134;2718;United States of America
2135;2718;United States of America
2139;2307;Hong Kong
2139;2718;United States of America
214;2718;United States of America
2140;2252;France
2140;2718;United States of America
2141;2718;United States of America
2142;2718;United States of America
2143;2267;United Kingdom
2144;2718;United States of America
2148;2718;United States of America
2149;2177;Germany
2149;2718;United States of America
215;2718;United States of America
2151;2117;Bulgaria
2151;2177;Germany
2151;2718;United States of America
2152;2718;United States of America
2153;2267;United Kingdom
2153;2718;United States of America
2154;2718;United States of America
2155;2718;United States of America
2157;2718;United States of America
216;2177;Germany
2160;2718;United States of America
2161;2718;United States of America
2162;2718;United States of America
2163;2718;United States of America
2164;2252;France
2164;2718;United States of America
2165;2142;Canada
2165;2177;Germany
2166;2252;France
2166;2267;United Kingdom
2169;2177;Germany
217;2718;United States of America
2171;2718;United States of America
2172;2497;Norway
2176;2718;United States of America
2179;2718;United States of America
218;2267;United Kingdom
218;2718;United States of America
2180;2642;Sweden
2182;2718;United States of America
2185;2718;United States of America
2186;2718;United States of America
2189;2718;United States of America
219;2222;Spain
2191;2222;Spain
2192;2252;France
2192;2347;Italy
2193;2718;United States of America
2195;2177;Germany
2196;2267;United Kingdom
2197;2115;Belgium
2197;2252;France
2199;2718;United States of America
22;2718;United States of America
220;2718;United States of America
2200;2167;Czech Republic
2200;2799;East Germany
2202;2718;United States of America
2204;2177;Germany
2207;2718;United States of America
2207;2177;Germany
2210;2267;United Kingdom
2210;2718;United States of America
2211;2177;Germany
2212;2718;United States of America
222;2177;Germany
223;2718;United States of America
2232;2799;East Germany
2239;2267;United Kingdom
224;2556;Poland
2241;2177;Germany
2246;2718;United States of America
225;2556;Poland
2251;2718;United States of America
2252;2267;United Kingdom
2252;2718;United States of America
2252;2142;Canada
2253;2177;Germany
2253;2718;United States of America
2255;2718;United States of America
226;2718;United States of America
2260;2718;United States of America
2261;2718;United States of America
2262;2177;Germany
2263;2718;United States of America
2264;2177;Germany
2266;2252;France
2267;2718;United States of America
2268;2267;United Kingdom
2268;2718;United States of America
2269;2627;Russia
227;2718;United States of America
2270;2346;Iceland
2270;2267;United Kingdom
2270;2718;United States of America
2274;2718;United States of America
2275;2177;Germany
2275;2718;United States of America
2277;2177;Germany
2277;2718;United States of America
228;2177;Germany
2280;2718;United States of America
2284;2142;Canada
2284;2718;United States of America
2286;2494;Netherlands
2286;2115;Belgium
2286;2177;Germany
2286;2441;Luxembourg
2287;2718;United States of America
2288;2718;United States of America
2289;2718;United States of America
2289;2267;United Kingdom
2289;2621;Romania
2289;2347;Italy
229;2718;United States of America
2290;2252;France
2290;2317;Hungary
2290;2718;United States of America
2291;2718;United States of America
2292;2718;United States of America
2293;2718;United States of America
2294;2718;United States of America
2295;2718;United States of America
2297;2252;France
2297;2718;United States of America
2300;2718;United States of America
2302;2718;United States of America
2307;2718;United States of America
2309;2177;Germany
2309;2267;United Kingdom
2309;2718;United States of America
231;2718;United States of America
2310;2718;United States of America
2312;2142;Canada
2312;2177;Germany
2312;2718;United States of America
2313;2718;United States of America
232;2718;United States of America
2320;2718;United States of America
2321;2718;United States of America
2322;2718;United States of America
2323;2718;United States of America
2324;2718;United States of America
2325;2627;Russia
2325;2267;United Kingdom
233;2718;United States of America
2330;2252;France
2332;2252;France
2333;2177;Germany
2334;2252;France
2335;2252;France
234;2177;Germany
2348;2718;United States of America
2349;2177;Germany
235;2718;United States of America
2355;2718;United States of America
2357;2718;United States of America
2359;2718;United States of America
236;2100;Australia
236;2252;France
2360;2252;France
2360;2267;United Kingdom
2362;2718;United States of America
2363;2252;France
237;2252;France
237;2267;United Kingdom
2370;2718;United States of America
2371;2149;Switzerland
2371;2222;Spain
2371;2252;France
2371;2627;Russia
238;2718;United States of America
2383;2252;France
2383;2718;United States of America
239;2718;United States of America
2397;2718;United States of America
24;2718;United States of America
240;2718;United States of America
241;2718;United States of America
242;2347;Italy
242;2718;United States of America
2428;2718;United States of America
243;2267;United Kingdom
243;2718;United States of America
2433;2252;France
2436;2718;United States of America
2438;2718;United States of America
244;2718;United States of America
2440;2407;South Korea
2441;2222;Spain
2442;2142;Canada
2444;2222;Spain
2447;2718;United States of America
245;2267;United Kingdom
245;2718;United States of America
2453;2718;United States of America
2455;2252;France
2457;2252;France
2459;2252;France
246;2374;Japan
2460;2222;Spain
2462;2252;France
2462;2347;Italy
2463;2307;Hong Kong
2469;2222;Spain
247;2718;United States of America
2470;2222;Spain
2470;2564;Portugal
2470;2252;France
248;2718;United States of America
2486;2267;United Kingdom
2486;2718;United States of America
2486;2317;Hungary
2487;2374;Japan
249;2718;United States of America
2493;2718;United States of America
25;2177;Germany
25;2718;United States of America
250;2183;Denmark
2501;2718;United States of America
2501;2177;Germany
2501;2167;Czech Republic
2502;2177;Germany
2502;2718;United States of America
2503;2177;Germany
2503;2718;United States of America
251;2718;United States of America
2516;2267;United Kingdom
2517;2374;Japan
252;2718;United States of America
2525;2347;Italy
2525;2718;United States of America
2527;2347;Italy
2527;2252;France
2528;2252;France
253;2267;United Kingdom
2539;2718;United States of America
254;2508;New Zealand
254;2718;United States of America
254;2177;Germany
255;2252;France
256;2252;France
2565;2718;United States of America
2567;2718;United States of America
257;2167;Czech Republic
257;2252;France
257;2347;Italy
257;2267;United Kingdom
25735;2718;United States of America
25736;2718;United States of America
25738;2718;United States of America
2574;2252;France
25741;2183;Denmark
25741;2243;Finland
25741;2177;Germany
25741;2332;Ireland
25744;2374;Japan
25745;2718;United States of America
25746;2374;Japan
25747;2407;South Korea
25748;2718;United States of America
25749;2718;United States of America
2575;2332;Ireland
2575;2718;United States of America
25750;2718;United States of America
25751;2718;United States of America
25752;2718;United States of America
25753;2142;Canada
25755;2676;Thailand
2576;2718;United States of America
25763;2718;United States of America
25767;2267;United Kingdom
25768;2718;United States of America
25769;2718;United States of America
2577;2267;United Kingdom
25770;2718;United States of America
25771;2115;Belgium
25771;2177;Germany
25771;2252;France
25773;2718;United States of America
25783;2222;Spain
25783;2718;United States of America
25787;2718;United States of America
25789;2718;United States of America
25795;2222;Spain
25796;2718;United States of America
25797;2494;Netherlands
258;2252;France
25803;2142;Canada
25803;2341;India
25807;2718;United States of America
25831;2718;United States of America
25832;2267;United Kingdom
25833;2718;United States of America
25834;2267;United Kingdom
25842;2718;United States of America
25846;2347;Italy
25846;2252;France
25852;2718;United States of America
25855;2676;Thailand
25858;2374;Japan
25866;2222;Spain
25866;2252;France
25866;2347;Italy
25868;2341;India
25869;2341;India
2587;2347;Italy
2587;2267;United Kingdom
25874;2718;United States of America
25875;2691;Taiwan
2588;2222;Spain
25884;2718;United States of America
25890;2718;United States of America
25893;2718;United States of America
25894;2718;United States of America
25898;2718;United States of America
259;2252;France
25900;2718;United States of America
25902;2317;Hungary
25903;2718;United States of America
25904;2177;Germany
25904;2167;Czech Republic
25905;2167;Czech Republic
25905;2795;Czechoslovakia
25908;2167;Czech Republic
25913;2718;United States of America
25914;2718;United States of America
25915;2718;United States of America
25918;2718;United States of America
25919;2718;United States of America
25921;2100;Australia
25922;2222;Spain
25927;2718;United States of America
25927;2252;France
2593;2252;France
25934;2267;United Kingdom
25935;2222;Spain
25935;2267;United Kingdom
25936;2627;Russia
2594;2252;France
25941;2267;United Kingdom
25943;2718;United States of America
25944;2347;Italy
25944;2252;France
25950;2718;United States of America
25951;2374;Japan
25952;2718;United States of America
25956;2735;Venezuela
25961;2374;Japan
25961;2718;United States of America
25970;2718;United States of America
25975;2718;United States of America
25977;2718;United States of America
25993;2267;United Kingdom
25994;2267;United Kingdom
25994;2718;United States of America
25998;2307;Hong Kong
26;2339;Israel
26;2642;Sweden
260;2267;United Kingdom
26005;2307;Hong Kong
26009;2718;United States of America
26010;2307;Hong Kong
26016;2718;United States of America
26018;2100;Australia
26022;2341;India
26022;2718;United States of America
26028;2718;United States of America
26030;2252;France
26035;2718;United States of America
26038;2718;United States of America
2604;2718;United States of America
26042;2718;United States of America
26044;2718;United States of America
2605;2718;United States of America
26056;2718;United States of America
2608;2718;United States of America
2609;2718;United States of America
261;2718;United States of America
2610;2718;United States of America
26108;2267;United Kingdom
26108;2718;United States of America
26108;2177;Germany
2611;2718;United States of America
26111;2642;Sweden
26113;2339;Israel
26116;2718;United States of America
26116;2177;Germany
26119;2267;United Kingdom
2612;2718;United States of America
26123;2718;United States of America
26124;2267;United Kingdom
26127;2718;United States of America
2613;2718;United States of America
26130;2374;Japan
26133;2718;United States of America
26137;2155;China
26138;2407;South Korea
2614;2718;United States of America
26141;2718;United States of America
26142;2718;United States of America
26146;2267;United Kingdom
26147;2243;Finland
26152;2252;France
26153;2341;India
26158;2718;United States of America
2616;2718;United States of America
26162;2718;United States of America
26167;2718;United States of America
2617;2718;United States of America
26170;2718;United States of America
26171;2718;United States of America
26172;2718;United States of America
26174;2718;United States of America
26175;2718;United States of America
26177;2718;United States of America
26178;2100;Australia
26180;2718;United States of America
26181;2267;United Kingdom
26185;2718;United States of America
26191;2252;France
26191;2177;Germany
26198;2267;United Kingdom
26199;2718;United States of America
26199;2718;United States of America
262;2718;United States of America
2620;2718;United States of America
26203;2718;United States of America
26204;2718;United States of America
26205;2718;United States of America
2621;2718;United States of America
26215;2718;United States of America
26223;2718;United States of America
26225;2718;United States of America
2623;2718;United States of America
26230;2718;United States of America
26235;2718;United States of America
26242;2718;United States of America
26243;2718;United States of America
26245;2718;United States of America
26246;2718;United States of America
2625;2718;United States of America
26251;2718;United States of America
26252;2252;France
26255;2718;United States of America
26258;2718;United States of America
26259;2307;Hong Kong
26263;2718;United States of America
26264;2100;Australia
26264;2718;United States of America
26266;2142;Canada
26267;2718;United States of America
26268;2718;United States of America
26269;2718;United States of America
26270;2718;United States of America
26271;2718;United States of America
26277;2341;India
26280;2142;Canada
26282;2718;United States of America
26283;2718;United States of America
26285;2347;Italy
26290;2267;United Kingdom
26291;2718;United States of America
26299;2718;United States of America
26301;2718;United States of America
26302;2092;Armenia
26306;2718;United States of America
26314;2556;Poland
26314;2556;Poland
26316;2267;United Kingdom
26316;2718;United States of America
26317;2658;Soviet Union
26320;2718;United States of America
26323;2718;United States of America
26326;2718;United States of America
26333;2718;United States of America
26334;2718;United States of America
26336;2718;United States of America
26337;2718;United States of America
26342;2718;United States of America
26347;2149;Switzerland
26347;2252;France
26350;2627;Russia
26350;2718;United States of America
26356;2347;Italy
26356;2177;Germany
26356;2252;France
26357;2718;United States of America
2636;2549;Peru
2636;2718;United States of America
26366;2718;United States of America
26367;2718;United States of America
26368;2374;Japan
26369;2718;United States of America
2637;2718;United States of America
26370;2267;United Kingdom
26371;2267;United Kingdom
26372;2642;Sweden
26378;2718;United States of America
26379;2341;India
26379;2341;India
26380;2718;United States of America
26386;2718;United States of America
26388;2222;Spain
26388;2718;United States of America
26388;2252;France
26389;2267;United Kingdom
26389;2252;France
2639;2718;United States of America
26391;2718;United States of America
26393;2718;United States of America
26397;2718;United States of America
26398;2267;United Kingdom
26398;2718;United States of America
2640;2718;United States of America
2642;2100;Australia
2642;2718;United States of America
26422;2252;France
26422;2441;Luxembourg
26422;2267;United Kingdom
26425;2252;France
26425;2718;United States of America
26431;2718;United States of America
26444;2718;United States of America
26450;2142;Canada
26450;2718;United States of America
26452;2347;Italy
26452;2718;United States of America
26475;2718;United States of America
26479;2718;United States of America
2648;2307;Hong Kong
26480;2307;Hong Kong
26480;2267;United Kingdom
26483;2718;United States of America
26484;2718;United States of America
26486;2718;United States of America
26488;2183;Denmark
26488;2222;Spain
2649;2718;United States of America
26491;2267;United Kingdom
26497;2177;Germany
265;2177;Germany
26502;2718;United States of America
26504;2252;France
26504;2347;Italy
26505;2252;France
26509;2267;United Kingdom
26510;2267;United Kingdom
26513;2718;United States of America
26514;2718;United States of America
26515;2718;United States of America
2652;2718;United States of America
26521;2222;Spain
26530;2718;United States of America
26539;2718;United States of America
2654;2718;United States of America
26540;2718;United States of America
26547;2718;United States of America
2655;2718;United States of America
26550;2222;Spain
26550;2347;Italy
26550;2222;Spain
26550;2347;Italy
26554;2718;United States of America
26555;2718;United States of America
26558;2718;United States of America
26560;2718;United States of America
26561;2267;United Kingdom
26564;2718;United States of America
26566;2142;Canada
26567;2718;United States of America
26569;2691;Taiwan
2657;2718;United States of America
26571;2718;United States of America
26574;2718;United States of America
26578;2267;United Kingdom
26578;2718;United States of America
26580;2718;United States of America
26581;2267;United Kingdom
26587;2267;United Kingdom
26593;2718;United States of America
26596;2718;United States of America
26599;2267;United Kingdom
26599;2718;United States of America
266;2252;France
266;2347;Italy
26600;2718;United States of America
26602;2718;United States of America
26603;2718;United States of America
26606;2267;United Kingdom
2661;2718;United States of America
26612;2267;United Kingdom
26612;2718;United States of America
26614;2252;France
26615;2307;Hong Kong
26617;2718;United States of America
2662;2718;United States of America
26622;2718;United States of America
26630;2267;United Kingdom
26631;2718;United States of America
26638;2347;Italy
26643;2718;United States of America
26644;2267;United Kingdom
2665;2718;United States of America
26655;2718;United States of America
2666;2100;Australia
2666;2718;United States of America
26663;2718;United States of America
2667;2718;United States of America
26670;2718;United States of America
26676;2718;United States of America
26677;2718;United States of America
2668;2177;Germany
2668;2718;United States of America
26680;2718;United States of America
26682;2718;United States of America
26685;2718;United States of America
26686;2718;United States of America
26688;2718;United States of America
26689;2718;United States of America
2669;2718;United States of America
2669;2267;United Kingdom
26690;2718;United States of America
26691;2252;France
26693;2374;Japan
26699;2718;United States of America
267;2252;France
267;2222;Spain
26701;2718;United States of America
26702;2718;United States of America
26703;2347;Italy
26703;2718;United States of America
26703;2347;Italy
26703;2718;United States of America
2671;2374;Japan
26710;2718;United States of America
26712;2718;United States of America
26714;2718;United States of America
26718;2718;United States of America
26719;2718;United States of America
26723;2718;United States of America
26736;2718;United States of America
26738;2267;United Kingdom
26738;2718;United States of America
26744;2718;United States of America
2675;2718;United States of America
26750;2718;United States of America
26752;2621;Romania
26752;2252;France
26752;2441;Luxembourg
26755;2718;United States of America
26758;2718;United States of America
26761;2718;United States of America
26762;2718;United States of America
26765;2142;Canada
26765;2718;United States of America
26766;2718;United States of America
26769;2718;United States of America
26774;2267;United Kingdom
26776;2718;United States of America
26791;2718;United States of America
26792;2627;Russia
26796;2267;United Kingdom
268;2267;United Kingdom
268;2718;United States of America
26801;2718;United States of America
26803;2267;United Kingdom
26809;2718;United States of America
26813;2252;France
26813;2498;Nepal
26813;2149;Switzerland
26813;2267;United Kingdom
26814;2718;United States of America
26815;2341;India
26826;2167;Czech Republic
26827;2718;United States of America
26838;2718;United States of America
26841;2627;Russia
26843;2445;Libyan Arab Jamahiriya
26843;2718;United States of America
26849;2718;United States of America
26850;2267;United Kingdom
26850;2718;United States of America
26851;2718;United States of America
26860;2718;United States of America
26861;2718;United States of America
26865;2267;United Kingdom
2687;2252;France
2687;2718;United States of America
26873;2627;Russia
26880;2497;Norway
26880;2346;Iceland
26880;2177;Germany
26886;2374;Japan
26889;2718;United States of America
269;2252;France
2690;2718;United States of America
26900;2686;Turkey
26911;2267;United Kingdom
26914;2718;United States of America
2692;2177;Germany
26925;2718;United States of America
26928;2718;United States of America
26933;2252;France
26939;2718;United States of America
2694;2155;China
26940;2718;United States of America
26941;2718;United States of America
26945;2374;Japan
26946;2718;United States of America
26947;2374;Japan
26948;2718;United States of America
26949;2718;United States of America
26954;2718;United States of America
26958;2718;United States of America
26962;2718;United States of America
26962;2117;Bulgaria
26964;2142;Canada
26969;2222;Spain
26973;2718;United States of America
26974;2374;Japan
26974;2405;North Korea
26976;2718;United States of America
26978;2718;United States of America
2698;2718;United States of America
2699;2142;Canada
2699;2718;United States of America
26990;2718;United States of America
27;2267;United Kingdom
27003;2718;United States of America
27004;2718;United States of America
27009;2718;United States of America
2701;2099;Austria
2701;2177;Germany
2701;2347;Italy
2701;2718;United States of America
27016;2718;United States of America
27018;2100;Australia
27022;2718;United States of America
27031;2374;Japan
27033;2718;United States of America
27036;2718;United States of America
27040;2718;United States of America
27046;2627;Russia
27064;2374;Japan
27064;2718;United States of America
27067;2252;France
27070;2718;United States of America
27074;2267;United Kingdom
27092;2097;Argentina
27092;2222;Spain
27092;2724;Uruguay
27093;2252;France
27094;2718;United States of America
27095;2252;France
271;2642;Sweden
271;2497;Norway
27103;2115;Belgium
27103;2252;France
27105;2718;United States of America
27114;2718;United States of America
27134;2332;Ireland
27134;2267;United Kingdom
27152;2718;United States of America
27171;2718;United States of America
27172;2718;United States of America
27197;2374;Japan
272;2267;United Kingdom
272;2718;United States of America
27204;2252;France
27205;2267;United Kingdom
27205;2718;United States of America
2721;2198;Algeria
2721;2252;France
27212;2718;United States of America
27215;2718;United States of America
27217;2252;France
27217;2346;Iceland
27217;2497;Norway
2722;2222;Spain
27221;2100;Australia
27221;2177;Germany
27223;2718;United States of America
27232;2347;Italy
27232;2222;Spain
27232;2475;Mexico
27236;2718;United States of America
27263;2718;United States of America
27271;2718;United States of America
27274;2718;United States of America
27276;2374;Japan
27277;2718;United States of America
2728;2142;Canada
27292;2718;United States of America
27297;2374;Japan
273;2177;Germany
27306;2644;Singapore
27307;2718;United States of America
2731;2252;France
27310;2718;United States of America
27313;2718;United States of America
27316;2407;South Korea
27317;2718;United States of America
27320;2718;United States of America
27322;2718;United States of America
27327;2718;United States of America
27328;2718;United States of America
27329;2676;Thailand
27332;2718;United States of America
27338;2718;United States of America
2734;2177;Germany
2734;2347;Italy
2734;2718;United States of America
27344;2718;United States of America
27351;2374;Japan
27357;2556;Poland
27359;2142;Canada
27359;2718;United States of America
27360;2142;Canada
27360;2718;United States of America
27362;2267;United Kingdom
27362;2494;Netherlands
27370;2718;United States of America
27372;2374;Japan
27376;2718;United States of America
27378;2177;Germany
27391;2142;Canada
27391;2718;United States of America
27395;2222;Spain
27396;2267;United Kingdom
27396;2718;United States of America
27397;2718;United States of America
274;2718;United States of America
27408;2718;United States of America
2742;2142;Canada
2742;2374;Japan
2742;2267;United Kingdom
27420;2718;United States of America
27431;2347;Italy
27431;2252;France
27431;2177;Germany
27432;2718;United States of America
27441;2718;United States of America
27444;2100;Australia
27444;2252;France
27449;2718;United States of America
27450;2267;United Kingdom
27451;2718;United States of America
27455;2718;United States of America
27456;2718;United States of America
27457;2128;Brazil
27458;2718;United States of America
27459;2718;United States of America
27461;2718;United States of America
27472;2718;United States of America
27475;2718;United States of America
2748;2347;Italy
2748;2252;France
27480;2100;Australia
2749;2177;Germany
2749;2718;United States of America
27496;2718;United States of America
275;2718;United States of America
2750;2267;United Kingdom
27506;2718;United States of America
27509;2718;United States of America
27511;2718;United States of America
2752;2718;United States of America
2752;2252;France
2752;2267;United Kingdom
27523;2347;Italy
27526;2718;United States of America
2753;2494;Netherlands
2754;2494;Netherlands
27544;2718;United States of America
27548;2718;United States of America
27548;2718;United States of America
27549;2718;United States of America
2755;2718;United States of America
27550;2642;Sweden
2756;2718;United States of America
27563;2718;United States of America
2757;2718;United States of America
27573;2718;United States of America
27576;2718;United States of America
2758;2718;United States of America
27584;2718;United States of America
2759;2100;Australia
27595;2100;Australia
27598;2642;Sweden
276;2099;Austria
276;2177;Germany
2760;2267;United Kingdom
2761;2267;United Kingdom
27618;2718;United States of America
2762;2267;United Kingdom
27624;2341;India
27631;2718;United States of America
27636;2252;France
27636;2347;Italy
2764;2494;Netherlands
27642;2718;United States of America
27644;2718;United States of America
27646;2718;United States of America
27658;2718;United States of America
2767;2252;France
27671;2718;United States of America
27674;2718;United States of America
2768;2718;United States of America
2769;2718;United States of America
27699;2222;Spain
27699;2252;France
2770;2718;United States of America
27703;2347;Italy
27706;2347;Italy
27706;2267;United Kingdom
2771;2718;United States of America
27711;2718;United States of America
27716;2718;United States of America
27717;2718;United States of America
27719;2142;Canada
27719;2718;United States of America
27721;2686;Turkey
27726;2718;United States of America
27735;2718;United States of America
27742;2374;Japan
27759;2718;United States of America
27764;2718;United States of America
27769;2718;United States of America
2777;2407;South Korea
27771;2718;United States of America
27777;2718;United States of America
2778;2718;United States of America
27786;2718;United States of America
2779;2177;Germany
2779;2718;United States of America
27793;2177;Germany
27793;2718;United States of America
27799;2374;Japan
278;2718;United States of America
27805;2100;Australia
27815;2718;United States of America
27824;2718;United States of America
27827;2142;Canada
27834;2252;France
27834;2347;Italy
27834;2441;Luxembourg
27834;2718;United States of America
27841;2718;United States of America
27843;2374;Japan
27847;2142;Canada
27850;2718;United States of America
27857;2267;United Kingdom
27858;2718;United States of America
2786;2252;France
2786;2347;Italy
27862;2627;Russia
27864;2718;United States of America
27866;2718;United States of America
2787;2718;United States of America
27873;2508;New Zealand
27875;2374;Japan
2788;2718;United States of America
27881;2718;United States of America
27883;2718;United States of America
27884;2718;United States of America
2789;2718;United States of America
27899;2718;United States of America
279;2718;United States of America
27904;2676;Thailand
27904;2099;Austria
27904;2252;France
27905;2347;Italy
2791;2718;United States of America
27922;2270;Georgia
27922;2627;Russia
2798;2252;France
28;2718;United States of America
280;2252;France
280;2718;United States of America
2800;2718;United States of America
281;2718;United States of America
2813;2252;France
2817;2347;Italy
2817;2252;France
2817;2149;Switzerland
2817;2267;United Kingdom
2830;2718;United States of America
2832;2718;United States of America
284;2718;United States of America
2841;2252;France
285;2718;United States of America
286;2177;Germany
2860;2252;France
2861;2252;France
287;2718;United States of America
288;2718;United States of America
2882;2252;France
2887;2718;United States of America
289;2718;United States of America
